-- MySQL dump 10.13  Distrib 5.7.27, for Linux (x86_64)
--
-- Host: localhost    Database: dealings
-- ------------------------------------------------------
-- Server version	5.7.27-0ubuntu0.16.04.1

/*!40101 SET @OLD_CHARACTER_SET_CLIENT=@@CHARACTER_SET_CLIENT */;
/*!40101 SET @OLD_CHARACTER_SET_RESULTS=@@CHARACTER_SET_RESULTS */;
/*!40101 SET @OLD_COLLATION_CONNECTION=@@COLLATION_CONNECTION */;
/*!40101 SET NAMES utf8mb4 */;
/*!40103 SET @OLD_TIME_ZONE=@@TIME_ZONE */;
/*!40103 SET TIME_ZONE='+00:00' */;
/*!40014 SET @OLD_UNIQUE_CHECKS=@@UNIQUE_CHECKS, UNIQUE_CHECKS=0 */;
/*!40014 SET @OLD_FOREIGN_KEY_CHECKS=@@FOREIGN_KEY_CHECKS, FOREIGN_KEY_CHECKS=0 */;
/*!40101 SET @OLD_SQL_MODE=@@SQL_MODE, SQL_MODE='NO_AUTO_VALUE_ON_ZERO' */;
/*!40111 SET @OLD_SQL_NOTES=@@SQL_NOTES, SQL_NOTES=0 */;

--
-- Current Database: `dealings`
--

CREATE DATABASE /*!32312 IF NOT EXISTS*/ `dealings` /*!40100 DEFAULT CHARACTER SET latin1 */;

USE `dealings`;

--
-- Table structure for table `th_access_ip`
--

DROP TABLE IF EXISTS `th_access_ip`;
/*!40101 SET @saved_cs_client     = @@character_set_client */;
/*!40101 SET character_set_client = utf8 */;
CREATE TABLE `th_access_ip` (
  `idx` int(11) unsigned NOT NULL AUTO_INCREMENT COMMENT 'th_access_ip.PK',
  `member_idx` int(11) unsigned NOT NULL COMMENT 'th_member.idx PK',
  `access_ip` varchar(70) NOT NULL COMMENT '아이피',
  `access_date` date NOT NULL COMMENT '접근일자',
  `access_datetime` datetime NOT NULL COMMENT '접근시각',
  `access_user_agent` varchar(255) NOT NULL COMMENT '접근브라우저',
  PRIMARY KEY (`idx`),
  KEY `member_idx` (`member_idx`,`access_date`)
) ENGINE=InnoDB AUTO_INCREMENT=220 DEFAULT CHARSET=utf8 COMMENT='일반회원 접속 내역';
/*!40101 SET character_set_client = @saved_cs_client */;

--
-- Dumping data for table `th_access_ip`
--

LOCK TABLES `th_access_ip` WRITE;
/*!40000 ALTER TABLE `th_access_ip` DISABLE KEYS */;
INSERT INTO `th_access_ip` VALUES (1,1,'TJ+Lq4TQWgDzJpaz16Esvw==','2019-10-09','2019-10-09 14:26:54','3t/5P2JFIU11EZFOXIHb6xIO7zomnjjLHiTCYJWltiyBXbiz4j9E7fFY+za0OpFBhjNgLfX9jT4rxU7ZnQf78RizQFStMMKI7CiL+lQoEyUbLn+1yGswHnTRaiLIVAzJ9MAwdENAf6HP3kPhOypmRk/eDmFDLJRJCMDB9f96KIg='),(2,1,'4t7H8fL4rM4AJ7RoN6fQjg==','2019-10-10','2019-10-10 03:05:08','5CldZQC7URojttuWIG5O9EjJjEWgAHAF+OKR3rKwj/0qI19fjGfHaYxyB0Pld2wIEEgGhWwhsBF/6kxvUie2LM/9FabIO9hDJr/2Xm1HiM2AUdpaUNxhzZ8EW5KwoyBt9MjUOs6UrFC1kfRDVP5fUOMfQkyoiw6prEx4N7tttxo='),(3,1,'4t7H8fL4rM4AJ7RoN6fQjg==','2019-10-10','2019-10-10 03:06:08','5CldZQC7URojttuWIG5O9EjJjEWgAHAF+OKR3rKwj/0qI19fjGfHaYxyB0Pld2wIEEgGhWwhsBF/6kxvUie2LM/9FabIO9hDJr/2Xm1HiM2AUdpaUNxhzZ8EW5KwoyBt9MjUOs6UrFC1kfRDVP5fUOMfQkyoiw6prEx4N7tttxo='),(4,2,'4t7H8fL4rM4AJ7RoN6fQjg==','2019-10-10','2019-10-10 03:17:33','5CldZQC7URojttuWIG5O9EjJjEWgAHAF+OKR3rKwj/0qI19fjGfHaYxyB0Pld2wIEEgGhWwhsBF/6kxvUie2LM/9FabIO9hDJr/2Xm1HiM2AUdpaUNxhzZ8EW5KwoyBt9MjUOs6UrFC1kfRDVP5fUOMfQkyoiw6prEx4N7tttxo='),(5,1,'4t7H8fL4rM4AJ7RoN6fQjg==','2019-10-10','2019-10-10 03:17:53','5CldZQC7URojttuWIG5O9EjJjEWgAHAF+OKR3rKwj/0qI19fjGfHaYxyB0Pld2wIEEgGhWwhsBF/6kxvUie2LM/9FabIO9hDJr/2Xm1HiM2AUdpaUNxhzZ8EW5KwoyBt9MjUOs6UrFC1kfRDVP5fUOMfQkyoiw6prEx4N7tttxo='),(6,2,'4t7H8fL4rM4AJ7RoN6fQjg==','2019-10-10','2019-10-10 03:19:14','5CldZQC7URojttuWIG5O9EjJjEWgAHAF+OKR3rKwj/0qI19fjGfHaYxyB0Pld2wIEEgGhWwhsBF/6kxvUie2LM/9FabIO9hDJr/2Xm1HiM2AUdpaUNxhzZ8EW5KwoyBt9MjUOs6UrFC1kfRDVP5fUOMfQkyoiw6prEx4N7tttxo='),(7,1,'4t7H8fL4rM4AJ7RoN6fQjg==','2019-10-10','2019-10-10 03:19:33','5CldZQC7URojttuWIG5O9EjJjEWgAHAF+OKR3rKwj/0qI19fjGfHaYxyB0Pld2wIEEgGhWwhsBF/6kxvUie2LM/9FabIO9hDJr/2Xm1HiM2AUdpaUNxhzZ8EW5KwoyBt9MjUOs6UrFC1kfRDVP5fUOMfQkyoiw6prEx4N7tttxo='),(8,2,'4t7H8fL4rM4AJ7RoN6fQjg==','2019-10-10','2019-10-10 03:20:32','5CldZQC7URojttuWIG5O9EjJjEWgAHAF+OKR3rKwj/0qI19fjGfHaYxyB0Pld2wIEEgGhWwhsBF/6kxvUie2LM/9FabIO9hDJr/2Xm1HiM2AUdpaUNxhzZ8EW5KwoyBt9MjUOs6UrFC1kfRDVP5fUOMfQkyoiw6prEx4N7tttxo='),(9,1,'4t7H8fL4rM4AJ7RoN6fQjg==','2019-10-10','2019-10-10 03:21:31','5CldZQC7URojttuWIG5O9EjJjEWgAHAF+OKR3rKwj/0qI19fjGfHaYxyB0Pld2wIEEgGhWwhsBF/6kxvUie2LM/9FabIO9hDJr/2Xm1HiM2AUdpaUNxhzZ8EW5KwoyBt9MjUOs6UrFC1kfRDVP5fUOMfQkyoiw6prEx4N7tttxo='),(10,2,'4t7H8fL4rM4AJ7RoN6fQjg==','2019-10-10','2019-10-10 03:22:41','5CldZQC7URojttuWIG5O9EjJjEWgAHAF+OKR3rKwj/0qI19fjGfHaYxyB0Pld2wIEEgGhWwhsBF/6kxvUie2LM/9FabIO9hDJr/2Xm1HiM2AUdpaUNxhzZ8EW5KwoyBt9MjUOs6UrFC1kfRDVP5fUOMfQkyoiw6prEx4N7tttxo='),(11,6,'4t7H8fL4rM4AJ7RoN6fQjg==','2019-10-10','2019-10-10 03:23:11','5CldZQC7URojttuWIG5O9EjJjEWgAHAF+OKR3rKwj/0qI19fjGfHaYxyB0Pld2wIEEgGhWwhsBF/6kxvUie2LM/9FabIO9hDJr/2Xm1HiM2AUdpaUNxhzZ8EW5KwoyBt9MjUOs6UrFC1kfRDVP5fUOMfQkyoiw6prEx4N7tttxo='),(12,2,'4t7H8fL4rM4AJ7RoN6fQjg==','2019-10-10','2019-10-10 03:24:47','5CldZQC7URojttuWIG5O9EjJjEWgAHAF+OKR3rKwj/0qI19fjGfHaYxyB0Pld2wIEEgGhWwhsBF/6kxvUie2LM/9FabIO9hDJr/2Xm1HiM2AUdpaUNxhzZ8EW5KwoyBt9MjUOs6UrFC1kfRDVP5fUOMfQkyoiw6prEx4N7tttxo='),(13,7,'4t7H8fL4rM4AJ7RoN6fQjg==','2019-10-10','2019-10-10 03:25:43','5CldZQC7URojttuWIG5O9EjJjEWgAHAF+OKR3rKwj/0qI19fjGfHaYxyB0Pld2wIEEgGhWwhsBF/6kxvUie2LM/9FabIO9hDJr/2Xm1HiM2AUdpaUNxhzZ8EW5KwoyBt9MjUOs6UrFC1kfRDVP5fUOMfQkyoiw6prEx4N7tttxo='),(14,3,'4t7H8fL4rM4AJ7RoN6fQjg==','2019-10-10','2019-10-10 03:28:38','5CldZQC7URojttuWIG5O9EjJjEWgAHAF+OKR3rKwj/0qI19fjGfHaYxyB0Pld2wIEEgGhWwhsBF/6kxvUie2LM/9FabIO9hDJr/2Xm1HiM2AUdpaUNxhzZ8EW5KwoyBt9MjUOs6UrFC1kfRDVP5fUOMfQkyoiw6prEx4N7tttxo='),(15,7,'4t7H8fL4rM4AJ7RoN6fQjg==','2019-10-10','2019-10-10 03:30:37','5CldZQC7URojttuWIG5O9EjJjEWgAHAF+OKR3rKwj/0qI19fjGfHaYxyB0Pld2wIEEgGhWwhsBF/6kxvUie2LM/9FabIO9hDJr/2Xm1HiM2AUdpaUNxhzZ8EW5KwoyBt9MjUOs6UrFC1kfRDVP5fUOMfQkyoiw6prEx4N7tttxo='),(16,1,'4t7H8fL4rM4AJ7RoN6fQjg==','2019-10-10','2019-10-10 03:31:29','5CldZQC7URojttuWIG5O9EjJjEWgAHAF+OKR3rKwj/0qI19fjGfHaYxyB0Pld2wIEEgGhWwhsBF/6kxvUie2LM/9FabIO9hDJr/2Xm1HiM2AUdpaUNxhzZ8EW5KwoyBt9MjUOs6UrFC1kfRDVP5fUOMfQkyoiw6prEx4N7tttxo='),(17,3,'4t7H8fL4rM4AJ7RoN6fQjg==','2019-10-10','2019-10-10 03:31:49','5CldZQC7URojttuWIG5O9EjJjEWgAHAF+OKR3rKwj/0qI19fjGfHaYxyB0Pld2wIEEgGhWwhsBF/6kxvUie2LM/9FabIO9hDJr/2Xm1HiM2AUdpaUNxhzZ8EW5KwoyBt9MjUOs6UrFC1kfRDVP5fUOMfQkyoiw6prEx4N7tttxo='),(18,3,'4t7H8fL4rM4AJ7RoN6fQjg==','2019-10-10','2019-10-10 04:33:19','5CldZQC7URojttuWIG5O9EjJjEWgAHAF+OKR3rKwj/0qI19fjGfHaYxyB0Pld2wIEEgGhWwhsBF/6kxvUie2LM/9FabIO9hDJr/2Xm1HiM2AUdpaUNxhzZ8EW5KwoyBt9MjUOs6UrFC1kfRDVP5fUOMfQkyoiw6prEx4N7tttxo='),(19,9,'4t7H8fL4rM4AJ7RoN6fQjg==','2019-10-10','2019-10-10 04:35:12','5CldZQC7URojttuWIG5O9EjJjEWgAHAF+OKR3rKwj/0qI19fjGfHaYxyB0Pld2wIEEgGhWwhsBF/6kxvUie2LM/9FabIO9hDJr/2Xm1HiM2AUdpaUNxhzZ8EW5KwoyBt9MjUOs6UrFC1kfRDVP5fUOMfQkyoiw6prEx4N7tttxo='),(20,3,'4t7H8fL4rM4AJ7RoN6fQjg==','2019-10-10','2019-10-10 04:38:26','5CldZQC7URojttuWIG5O9EjJjEWgAHAF+OKR3rKwj/0qI19fjGfHaYxyB0Pld2wIEEgGhWwhsBF/6kxvUie2LM/9FabIO9hDJr/2Xm1HiM2AUdpaUNxhzZ8EW5KwoyBt9MjUOs6UrFC1kfRDVP5fUOMfQkyoiw6prEx4N7tttxo='),(21,5,'4t7H8fL4rM4AJ7RoN6fQjg==','2019-10-10','2019-10-10 04:39:04','5CldZQC7URojttuWIG5O9EjJjEWgAHAF+OKR3rKwj/0qI19fjGfHaYxyB0Pld2wIEEgGhWwhsBF/6kxvUie2LM/9FabIO9hDJr/2Xm1HiM2AUdpaUNxhzZ8EW5KwoyBt9MjUOs6UrFC1kfRDVP5fUOMfQkyoiw6prEx4N7tttxo='),(22,8,'4t7H8fL4rM4AJ7RoN6fQjg==','2019-10-10','2019-10-10 04:43:05','5CldZQC7URojttuWIG5O9EjJjEWgAHAF+OKR3rKwj/0qI19fjGfHaYxyB0Pld2wIEEgGhWwhsBF/6kxvUie2LM/9FabIO9hDJr/2Xm1HiM2AUdpaUNxhzZ8EW5KwoyBt9MjUOs6UrFC1kfRDVP5fUOMfQkyoiw6prEx4N7tttxo='),(23,8,'4t7H8fL4rM4AJ7RoN6fQjg==','2019-10-10','2019-10-10 04:48:04','5CldZQC7URojttuWIG5O9EjJjEWgAHAF+OKR3rKwj/0qI19fjGfHaYxyB0Pld2wIEEgGhWwhsBF/6kxvUie2LM/9FabIO9hDJr/2Xm1HiM2AUdpaUNxhzZ8EW5KwoyBt9MjUOs6UrFC1kfRDVP5fUOMfQkyoiw6prEx4N7tttxo='),(24,9,'4t7H8fL4rM4AJ7RoN6fQjg==','2019-10-10','2019-10-10 04:48:30','5CldZQC7URojttuWIG5O9EjJjEWgAHAF+OKR3rKwj/0qI19fjGfHaYxyB0Pld2wIEEgGhWwhsBF/6kxvUie2LM/9FabIO9hDJr/2Xm1HiM2AUdpaUNxhzZ8EW5KwoyBt9MjUOs6UrFC1kfRDVP5fUOMfQkyoiw6prEx4N7tttxo='),(25,9,'4t7H8fL4rM4AJ7RoN6fQjg==','2019-10-10','2019-10-10 04:49:03','5CldZQC7URojttuWIG5O9EjJjEWgAHAF+OKR3rKwj/0qI19fjGfHaYxyB0Pld2wIEEgGhWwhsBF/6kxvUie2LM/9FabIO9hDJr/2Xm1HiM2AUdpaUNxhzZ8EW5KwoyBt9MjUOs6UrFC1kfRDVP5fUOMfQkyoiw6prEx4N7tttxo='),(26,8,'4t7H8fL4rM4AJ7RoN6fQjg==','2019-10-10','2019-10-10 04:49:20','5CldZQC7URojttuWIG5O9EjJjEWgAHAF+OKR3rKwj/0qI19fjGfHaYxyB0Pld2wIEEgGhWwhsBF/6kxvUie2LM/9FabIO9hDJr/2Xm1HiM2AUdpaUNxhzZ8EW5KwoyBt9MjUOs6UrFC1kfRDVP5fUOMfQkyoiw6prEx4N7tttxo='),(27,7,'4t7H8fL4rM4AJ7RoN6fQjg==','2019-10-10','2019-10-10 04:50:33','5CldZQC7URojttuWIG5O9EjJjEWgAHAF+OKR3rKwj/0qI19fjGfHaYxyB0Pld2wIEEgGhWwhsBF/6kxvUie2LM/9FabIO9hDJr/2Xm1HiM2AUdpaUNxhzZ8EW5KwoyBt9MjUOs6UrFC1kfRDVP5fUOMfQkyoiw6prEx4N7tttxo='),(28,8,'4t7H8fL4rM4AJ7RoN6fQjg==','2019-10-10','2019-10-10 04:53:06','5CldZQC7URojttuWIG5O9EjJjEWgAHAF+OKR3rKwj/0qI19fjGfHaYxyB0Pld2wIEEgGhWwhsBF/6kxvUie2LM/9FabIO9hDJr/2Xm1HiM2AUdpaUNxhzZ8EW5KwoyBt9MjUOs6UrFC1kfRDVP5fUOMfQkyoiw6prEx4N7tttxo='),(29,9,'4t7H8fL4rM4AJ7RoN6fQjg==','2019-10-10','2019-10-10 04:53:15','5CldZQC7URojttuWIG5O9EjJjEWgAHAF+OKR3rKwj/0qI19fjGfHaYxyB0Pld2wIEEgGhWwhsBF/6kxvUie2LM/9FabIO9hDJr/2Xm1HiM2AUdpaUNxhzZ8EW5KwoyBt9MjUOs6UrFC1kfRDVP5fUOMfQkyoiw6prEx4N7tttxo='),(30,8,'4t7H8fL4rM4AJ7RoN6fQjg==','2019-10-10','2019-10-10 04:53:56','5CldZQC7URojttuWIG5O9EjJjEWgAHAF+OKR3rKwj/0qI19fjGfHaYxyB0Pld2wIEEgGhWwhsBF/6kxvUie2LM/9FabIO9hDJr/2Xm1HiM2AUdpaUNxhzZ8EW5KwoyBt9MjUOs6UrFC1kfRDVP5fUOMfQkyoiw6prEx4N7tttxo='),(31,6,'4t7H8fL4rM4AJ7RoN6fQjg==','2019-10-10','2019-10-10 04:54:57','5CldZQC7URojttuWIG5O9EjJjEWgAHAF+OKR3rKwj/0qI19fjGfHaYxyB0Pld2wIEEgGhWwhsBF/6kxvUie2LM/9FabIO9hDJr/2Xm1HiM2AUdpaUNxhzZ8EW5KwoyBt9MjUOs6UrFC1kfRDVP5fUOMfQkyoiw6prEx4N7tttxo='),(32,1,'4t7H8fL4rM4AJ7RoN6fQjg==','2019-10-10','2019-10-10 04:56:17','5CldZQC7URojttuWIG5O9EjJjEWgAHAF+OKR3rKwj/0qI19fjGfHaYxyB0Pld2wIEEgGhWwhsBF/6kxvUie2LM/9FabIO9hDJr/2Xm1HiM2AUdpaUNxhzZ8EW5KwoyBt9MjUOs6UrFC1kfRDVP5fUOMfQkyoiw6prEx4N7tttxo='),(33,3,'4t7H8fL4rM4AJ7RoN6fQjg==','2019-10-10','2019-10-10 04:57:53','5CldZQC7URojttuWIG5O9EjJjEWgAHAF+OKR3rKwj/0qI19fjGfHaYxyB0Pld2wIEEgGhWwhsBF/6kxvUie2LM/9FabIO9hDJr/2Xm1HiM2AUdpaUNxhzZ8EW5KwoyBt9MjUOs6UrFC1kfRDVP5fUOMfQkyoiw6prEx4N7tttxo='),(34,8,'4t7H8fL4rM4AJ7RoN6fQjg==','2019-10-10','2019-10-10 04:59:03','5CldZQC7URojttuWIG5O9EjJjEWgAHAF+OKR3rKwj/0qI19fjGfHaYxyB0Pld2wIEEgGhWwhsBF/6kxvUie2LM/9FabIO9hDJr/2Xm1HiM2AUdpaUNxhzZ8EW5KwoyBt9MjUOs6UrFC1kfRDVP5fUOMfQkyoiw6prEx4N7tttxo='),(35,5,'4t7H8fL4rM4AJ7RoN6fQjg==','2019-10-10','2019-10-10 05:00:18','5CldZQC7URojttuWIG5O9EjJjEWgAHAF+OKR3rKwj/0qI19fjGfHaYxyB0Pld2wIEEgGhWwhsBF/6kxvUie2LM/9FabIO9hDJr/2Xm1HiM2AUdpaUNxhzZ8EW5KwoyBt9MjUOs6UrFC1kfRDVP5fUOMfQkyoiw6prEx4N7tttxo='),(36,9,'4t7H8fL4rM4AJ7RoN6fQjg==','2019-10-10','2019-10-10 05:00:35','5CldZQC7URojttuWIG5O9EjJjEWgAHAF+OKR3rKwj/0qI19fjGfHaYxyB0Pld2wIEEgGhWwhsBF/6kxvUie2LM/9FabIO9hDJr/2Xm1HiM2AUdpaUNxhzZ8EW5KwoyBt9MjUOs6UrFC1kfRDVP5fUOMfQkyoiw6prEx4N7tttxo='),(37,5,'4t7H8fL4rM4AJ7RoN6fQjg==','2019-10-10','2019-10-10 05:01:01','5CldZQC7URojttuWIG5O9EjJjEWgAHAF+OKR3rKwj/0qI19fjGfHaYxyB0Pld2wIEEgGhWwhsBF/6kxvUie2LM/9FabIO9hDJr/2Xm1HiM2AUdpaUNxhzZ8EW5KwoyBt9MjUOs6UrFC1kfRDVP5fUOMfQkyoiw6prEx4N7tttxo='),(38,2,'4t7H8fL4rM4AJ7RoN6fQjg==','2019-10-10','2019-10-10 05:01:20','5CldZQC7URojttuWIG5O9EjJjEWgAHAF+OKR3rKwj/0qI19fjGfHaYxyB0Pld2wIEEgGhWwhsBF/6kxvUie2LM/9FabIO9hDJr/2Xm1HiM2AUdpaUNxhzZ8EW5KwoyBt9MjUOs6UrFC1kfRDVP5fUOMfQkyoiw6prEx4N7tttxo='),(39,3,'4t7H8fL4rM4AJ7RoN6fQjg==','2019-10-10','2019-10-10 06:00:46','5CldZQC7URojttuWIG5O9EjJjEWgAHAF+OKR3rKwj/0qI19fjGfHaYxyB0Pld2wIEEgGhWwhsBF/6kxvUie2LM/9FabIO9hDJr/2Xm1HiM2AUdpaUNxhzZ8EW5KwoyBt9MjUOs6UrFC1kfRDVP5fUOMfQkyoiw6prEx4N7tttxo='),(40,10,'4t7H8fL4rM4AJ7RoN6fQjg==','2019-10-10','2019-10-10 06:04:06','5CldZQC7URojttuWIG5O9EjJjEWgAHAF+OKR3rKwj/0qI19fjGfHaYxyB0Pld2wIEEgGhWwhsBF/6kxvUie2LM/9FabIO9hDJr/2Xm1HiM2AUdpaUNxhzZ8EW5KwoyBt9MjUOs6UrFC1kfRDVP5fUOMfQkyoiw6prEx4N7tttxo='),(41,1,'4t7H8fL4rM4AJ7RoN6fQjg==','2019-10-10','2019-10-10 06:04:51','5CldZQC7URojttuWIG5O9EjJjEWgAHAF+OKR3rKwj/0qI19fjGfHaYxyB0Pld2wIEEgGhWwhsBF/6kxvUie2LM/9FabIO9hDJr/2Xm1HiM2AUdpaUNxhzZ8EW5KwoyBt9MjUOs6UrFC1kfRDVP5fUOMfQkyoiw6prEx4N7tttxo='),(42,10,'4t7H8fL4rM4AJ7RoN6fQjg==','2019-10-10','2019-10-10 06:08:01','5CldZQC7URojttuWIG5O9EjJjEWgAHAF+OKR3rKwj/0qI19fjGfHaYxyB0Pld2wIEEgGhWwhsBF/6kxvUie2LM/9FabIO9hDJr/2Xm1HiM2AUdpaUNxhzZ8EW5KwoyBt9MjUOs6UrFC1kfRDVP5fUOMfQkyoiw6prEx4N7tttxo='),(43,5,'4t7H8fL4rM4AJ7RoN6fQjg==','2019-10-10','2019-10-10 06:10:15','5CldZQC7URojttuWIG5O9EjJjEWgAHAF+OKR3rKwj/0qI19fjGfHaYxyB0Pld2wIEEgGhWwhsBF/6kxvUie2LM/9FabIO9hDJr/2Xm1HiM2AUdpaUNxhzZ8EW5KwoyBt9MjUOs6UrFC1kfRDVP5fUOMfQkyoiw6prEx4N7tttxo='),(44,10,'4t7H8fL4rM4AJ7RoN6fQjg==','2019-10-10','2019-10-10 06:10:35','5CldZQC7URojttuWIG5O9EjJjEWgAHAF+OKR3rKwj/0qI19fjGfHaYxyB0Pld2wIEEgGhWwhsBF/6kxvUie2LM/9FabIO9hDJr/2Xm1HiM2AUdpaUNxhzZ8EW5KwoyBt9MjUOs6UrFC1kfRDVP5fUOMfQkyoiw6prEx4N7tttxo='),(45,3,'4t7H8fL4rM4AJ7RoN6fQjg==','2019-10-10','2019-10-10 07:06:02','5CldZQC7URojttuWIG5O9EjJjEWgAHAF+OKR3rKwj/0qI19fjGfHaYxyB0Pld2wIEEgGhWwhsBF/6kxvUie2LM/9FabIO9hDJr/2Xm1HiM2AUdpaUNxhzZ8EW5KwoyBt9MjUOs6UrFC1kfRDVP5fUOMfQkyoiw6prEx4N7tttxo='),(46,10,'4t7H8fL4rM4AJ7RoN6fQjg==','2019-10-10','2019-10-10 07:06:39','5CldZQC7URojttuWIG5O9EjJjEWgAHAF+OKR3rKwj/0qI19fjGfHaYxyB0Pld2wIEEgGhWwhsBF/6kxvUie2LM/9FabIO9hDJr/2Xm1HiM2AUdpaUNxhzZ8EW5KwoyBt9MjUOs6UrFC1kfRDVP5fUOMfQkyoiw6prEx4N7tttxo='),(47,2,'4t7H8fL4rM4AJ7RoN6fQjg==','2019-10-10','2019-10-10 07:07:42','5CldZQC7URojttuWIG5O9EjJjEWgAHAF+OKR3rKwj/0qI19fjGfHaYxyB0Pld2wIEEgGhWwhsBF/6kxvUie2LM/9FabIO9hDJr/2Xm1HiM2AUdpaUNxhzZ8EW5KwoyBt9MjUOs6UrFC1kfRDVP5fUOMfQkyoiw6prEx4N7tttxo='),(48,5,'4t7H8fL4rM4AJ7RoN6fQjg==','2019-10-10','2019-10-10 07:08:06','5CldZQC7URojttuWIG5O9EjJjEWgAHAF+OKR3rKwj/0qI19fjGfHaYxyB0Pld2wIEEgGhWwhsBF/6kxvUie2LM/9FabIO9hDJr/2Xm1HiM2AUdpaUNxhzZ8EW5KwoyBt9MjUOs6UrFC1kfRDVP5fUOMfQkyoiw6prEx4N7tttxo='),(49,2,'4t7H8fL4rM4AJ7RoN6fQjg==','2019-10-10','2019-10-10 07:08:30','5CldZQC7URojttuWIG5O9EjJjEWgAHAF+OKR3rKwj/0qI19fjGfHaYxyB0Pld2wIEEgGhWwhsBF/6kxvUie2LM/9FabIO9hDJr/2Xm1HiM2AUdpaUNxhzZ8EW5KwoyBt9MjUOs6UrFC1kfRDVP5fUOMfQkyoiw6prEx4N7tttxo='),(50,10,'4t7H8fL4rM4AJ7RoN6fQjg==','2019-10-10','2019-10-10 07:08:58','5CldZQC7URojttuWIG5O9EjJjEWgAHAF+OKR3rKwj/0qI19fjGfHaYxyB0Pld2wIEEgGhWwhsBF/6kxvUie2LM/9FabIO9hDJr/2Xm1HiM2AUdpaUNxhzZ8EW5KwoyBt9MjUOs6UrFC1kfRDVP5fUOMfQkyoiw6prEx4N7tttxo='),(51,2,'4t7H8fL4rM4AJ7RoN6fQjg==','2019-10-10','2019-10-10 07:09:55','5CldZQC7URojttuWIG5O9EjJjEWgAHAF+OKR3rKwj/0qI19fjGfHaYxyB0Pld2wIEEgGhWwhsBF/6kxvUie2LM/9FabIO9hDJr/2Xm1HiM2AUdpaUNxhzZ8EW5KwoyBt9MjUOs6UrFC1kfRDVP5fUOMfQkyoiw6prEx4N7tttxo='),(52,3,'4t7H8fL4rM4AJ7RoN6fQjg==','2019-10-10','2019-10-10 07:10:19','5CldZQC7URojttuWIG5O9EjJjEWgAHAF+OKR3rKwj/0qI19fjGfHaYxyB0Pld2wIEEgGhWwhsBF/6kxvUie2LM/9FabIO9hDJr/2Xm1HiM2AUdpaUNxhzZ8EW5KwoyBt9MjUOs6UrFC1kfRDVP5fUOMfQkyoiw6prEx4N7tttxo='),(53,10,'4t7H8fL4rM4AJ7RoN6fQjg==','2019-10-10','2019-10-10 07:10:57','5CldZQC7URojttuWIG5O9EjJjEWgAHAF+OKR3rKwj/0qI19fjGfHaYxyB0Pld2wIEEgGhWwhsBF/6kxvUie2LM/9FabIO9hDJr/2Xm1HiM2AUdpaUNxhzZ8EW5KwoyBt9MjUOs6UrFC1kfRDVP5fUOMfQkyoiw6prEx4N7tttxo='),(54,3,'4t7H8fL4rM4AJ7RoN6fQjg==','2019-10-10','2019-10-10 07:36:49','5CldZQC7URojttuWIG5O9EjJjEWgAHAF+OKR3rKwj/0qI19fjGfHaYxyB0Pld2wIEEgGhWwhsBF/6kxvUie2LM/9FabIO9hDJr/2Xm1HiM2AUdpaUNxhzZ8EW5KwoyBt9MjUOs6UrFC1kfRDVP5fUOMfQkyoiw6prEx4N7tttxo='),(55,10,'4t7H8fL4rM4AJ7RoN6fQjg==','2019-10-10','2019-10-10 07:38:34','5CldZQC7URojttuWIG5O9EjJjEWgAHAF+OKR3rKwj/0qI19fjGfHaYxyB0Pld2wIEEgGhWwhsBF/6kxvUie2LM/9FabIO9hDJr/2Xm1HiM2AUdpaUNxhzZ8EW5KwoyBt9MjUOs6UrFC1kfRDVP5fUOMfQkyoiw6prEx4N7tttxo='),(56,3,'4t7H8fL4rM4AJ7RoN6fQjg==','2019-10-10','2019-10-10 07:38:54','5CldZQC7URojttuWIG5O9EjJjEWgAHAF+OKR3rKwj/0qI19fjGfHaYxyB0Pld2wIEEgGhWwhsBF/6kxvUie2LM/9FabIO9hDJr/2Xm1HiM2AUdpaUNxhzZ8EW5KwoyBt9MjUOs6UrFC1kfRDVP5fUOMfQkyoiw6prEx4N7tttxo='),(57,10,'4t7H8fL4rM4AJ7RoN6fQjg==','2019-10-10','2019-10-10 07:39:38','5CldZQC7URojttuWIG5O9EjJjEWgAHAF+OKR3rKwj/0qI19fjGfHaYxyB0Pld2wIEEgGhWwhsBF/6kxvUie2LM/9FabIO9hDJr/2Xm1HiM2AUdpaUNxhzZ8EW5KwoyBt9MjUOs6UrFC1kfRDVP5fUOMfQkyoiw6prEx4N7tttxo='),(58,3,'4t7H8fL4rM4AJ7RoN6fQjg==','2019-10-10','2019-10-10 08:08:56','5CldZQC7URojttuWIG5O9EjJjEWgAHAF+OKR3rKwj/0qI19fjGfHaYxyB0Pld2wIEEgGhWwhsBF/6kxvUie2LM/9FabIO9hDJr/2Xm1HiM2AUdpaUNxhzZ8EW5KwoyBt9MjUOs6UrFC1kfRDVP5fUOMfQkyoiw6prEx4N7tttxo='),(59,2,'4t7H8fL4rM4AJ7RoN6fQjg==','2019-10-10','2019-10-10 08:09:56','5CldZQC7URojttuWIG5O9EjJjEWgAHAF+OKR3rKwj/0qI19fjGfHaYxyB0Pld2wIEEgGhWwhsBF/6kxvUie2LM/9FabIO9hDJr/2Xm1HiM2AUdpaUNxhzZ8EW5KwoyBt9MjUOs6UrFC1kfRDVP5fUOMfQkyoiw6prEx4N7tttxo='),(60,7,'4t7H8fL4rM4AJ7RoN6fQjg==','2019-10-10','2019-10-10 08:10:25','5CldZQC7URojttuWIG5O9EjJjEWgAHAF+OKR3rKwj/0qI19fjGfHaYxyB0Pld2wIEEgGhWwhsBF/6kxvUie2LM/9FabIO9hDJr/2Xm1HiM2AUdpaUNxhzZ8EW5KwoyBt9MjUOs6UrFC1kfRDVP5fUOMfQkyoiw6prEx4N7tttxo='),(61,10,'4t7H8fL4rM4AJ7RoN6fQjg==','2019-10-10','2019-10-10 08:10:35','5CldZQC7URojttuWIG5O9EjJjEWgAHAF+OKR3rKwj/0qI19fjGfHaYxyB0Pld2wIEEgGhWwhsBF/6kxvUie2LM/9FabIO9hDJr/2Xm1HiM2AUdpaUNxhzZ8EW5KwoyBt9MjUOs6UrFC1kfRDVP5fUOMfQkyoiw6prEx4N7tttxo='),(62,3,'4t7H8fL4rM4AJ7RoN6fQjg==','2019-10-10','2019-10-10 08:10:52','5CldZQC7URojttuWIG5O9EjJjEWgAHAF+OKR3rKwj/0qI19fjGfHaYxyB0Pld2wIEEgGhWwhsBF/6kxvUie2LM/9FabIO9hDJr/2Xm1HiM2AUdpaUNxhzZ8EW5KwoyBt9MjUOs6UrFC1kfRDVP5fUOMfQkyoiw6prEx4N7tttxo='),(63,2,'4t7H8fL4rM4AJ7RoN6fQjg==','2019-10-10','2019-10-10 08:11:15','5CldZQC7URojttuWIG5O9EjJjEWgAHAF+OKR3rKwj/0qI19fjGfHaYxyB0Pld2wIEEgGhWwhsBF/6kxvUie2LM/9FabIO9hDJr/2Xm1HiM2AUdpaUNxhzZ8EW5KwoyBt9MjUOs6UrFC1kfRDVP5fUOMfQkyoiw6prEx4N7tttxo='),(64,7,'4t7H8fL4rM4AJ7RoN6fQjg==','2019-10-10','2019-10-10 08:11:35','5CldZQC7URojttuWIG5O9EjJjEWgAHAF+OKR3rKwj/0qI19fjGfHaYxyB0Pld2wIEEgGhWwhsBF/6kxvUie2LM/9FabIO9hDJr/2Xm1HiM2AUdpaUNxhzZ8EW5KwoyBt9MjUOs6UrFC1kfRDVP5fUOMfQkyoiw6prEx4N7tttxo='),(65,8,'4t7H8fL4rM4AJ7RoN6fQjg==','2019-10-10','2019-10-10 08:12:14','5CldZQC7URojttuWIG5O9EjJjEWgAHAF+OKR3rKwj/0qI19fjGfHaYxyB0Pld2wIEEgGhWwhsBF/6kxvUie2LM/9FabIO9hDJr/2Xm1HiM2AUdpaUNxhzZ8EW5KwoyBt9MjUOs6UrFC1kfRDVP5fUOMfQkyoiw6prEx4N7tttxo='),(66,9,'4t7H8fL4rM4AJ7RoN6fQjg==','2019-10-10','2019-10-10 08:13:37','5CldZQC7URojttuWIG5O9EjJjEWgAHAF+OKR3rKwj/0qI19fjGfHaYxyB0Pld2wIEEgGhWwhsBF/6kxvUie2LM/9FabIO9hDJr/2Xm1HiM2AUdpaUNxhzZ8EW5KwoyBt9MjUOs6UrFC1kfRDVP5fUOMfQkyoiw6prEx4N7tttxo='),(67,1,'TGkVSoOlNKin1BpflnWRMg==','2019-10-10','2019-10-10 12:08:25','3t/5P2JFIU11EZFOXIHb6xIO7zomnjjLHiTCYJWltiyBXbiz4j9E7fFY+za0OpFBhjNgLfX9jT4rxU7ZnQf78RizQFStMMKI7CiL+lQoEyUbLn+1yGswHnTRaiLIVAzJ9MAwdENAf6HP3kPhOypmRk/eDmFDLJRJCMDB9f96KIg='),(68,6,'4t7H8fL4rM4AJ7RoN6fQjg==','2019-10-11','2019-10-11 00:26:26','5CldZQC7URojttuWIG5O9EjJjEWgAHAF+OKR3rKwj/0qI19fjGfHaYxyB0Pld2wIEEgGhWwhsBF/6kxvUie2LM/9FabIO9hDJr/2Xm1HiM2AUdpaUNxhzZ8EW5KwoyBt9MjUOs6UrFC1kfRDVP5fUOMfQkyoiw6prEx4N7tttxo='),(69,3,'4t7H8fL4rM4AJ7RoN6fQjg==','2019-10-11','2019-10-11 00:27:19','5CldZQC7URojttuWIG5O9EjJjEWgAHAF+OKR3rKwj/0qI19fjGfHaYxyB0Pld2wIEEgGhWwhsBF/6kxvUie2LM/9FabIO9hDJr/2Xm1HiM2AUdpaUNxhzZ8EW5KwoyBt9MjUOs6UrFC1kfRDVP5fUOMfQkyoiw6prEx4N7tttxo='),(70,6,'4t7H8fL4rM4AJ7RoN6fQjg==','2019-10-11','2019-10-11 00:27:46','5CldZQC7URojttuWIG5O9EjJjEWgAHAF+OKR3rKwj/0qI19fjGfHaYxyB0Pld2wIEEgGhWwhsBF/6kxvUie2LM/9FabIO9hDJr/2Xm1HiM2AUdpaUNxhzZ8EW5KwoyBt9MjUOs6UrFC1kfRDVP5fUOMfQkyoiw6prEx4N7tttxo='),(71,3,'4t7H8fL4rM4AJ7RoN6fQjg==','2019-10-11','2019-10-11 00:28:43','5CldZQC7URojttuWIG5O9EjJjEWgAHAF+OKR3rKwj/0qI19fjGfHaYxyB0Pld2wIEEgGhWwhsBF/6kxvUie2LM/9FabIO9hDJr/2Xm1HiM2AUdpaUNxhzZ8EW5KwoyBt9MjUOs6UrFC1kfRDVP5fUOMfQkyoiw6prEx4N7tttxo='),(72,6,'4t7H8fL4rM4AJ7RoN6fQjg==','2019-10-11','2019-10-11 00:29:21','5CldZQC7URojttuWIG5O9EjJjEWgAHAF+OKR3rKwj/0qI19fjGfHaYxyB0Pld2wIEEgGhWwhsBF/6kxvUie2LM/9FabIO9hDJr/2Xm1HiM2AUdpaUNxhzZ8EW5KwoyBt9MjUOs6UrFC1kfRDVP5fUOMfQkyoiw6prEx4N7tttxo='),(73,9,'4t7H8fL4rM4AJ7RoN6fQjg==','2019-10-11','2019-10-11 00:38:55','5CldZQC7URojttuWIG5O9EjJjEWgAHAF+OKR3rKwj/0qI19fjGfHaYxyB0Pld2wIEEgGhWwhsBF/6kxvUie2LM/9FabIO9hDJr/2Xm1HiM2AUdpaUNxhzZ8EW5KwoyBt9MjUOs6UrFC1kfRDVP5fUOMfQkyoiw6prEx4N7tttxo='),(74,6,'4t7H8fL4rM4AJ7RoN6fQjg==','2019-10-11','2019-10-11 00:40:03','5CldZQC7URojttuWIG5O9EjJjEWgAHAF+OKR3rKwj/0qI19fjGfHaYxyB0Pld2wIEEgGhWwhsBF/6kxvUie2LM/9FabIO9hDJr/2Xm1HiM2AUdpaUNxhzZ8EW5KwoyBt9MjUOs6UrFC1kfRDVP5fUOMfQkyoiw6prEx4N7tttxo='),(75,1,'4t7H8fL4rM4AJ7RoN6fQjg==','2019-10-11','2019-10-11 02:36:47','5CldZQC7URojttuWIG5O9EjJjEWgAHAF+OKR3rKwj/0qI19fjGfHaYxyB0Pld2wIEEgGhWwhsBF/6kxvUie2LM/9FabIO9hDJr/2Xm1HiM2AUdpaUNxhzZ8EW5KwoyBt9MjUOs6UrFC1kfRDVP5fUOMfQkyoiw6prEx4N7tttxo='),(76,9,'4t7H8fL4rM4AJ7RoN6fQjg==','2019-10-11','2019-10-11 02:37:07','5CldZQC7URojttuWIG5O9EjJjEWgAHAF+OKR3rKwj/0qI19fjGfHaYxyB0Pld2wIEEgGhWwhsBF/6kxvUie2LM/9FabIO9hDJr/2Xm1HiM2AUdpaUNxhzZ8EW5KwoyBt9MjUOs6UrFC1kfRDVP5fUOMfQkyoiw6prEx4N7tttxo='),(77,1,'4t7H8fL4rM4AJ7RoN6fQjg==','2019-10-11','2019-10-11 02:37:38','5CldZQC7URojttuWIG5O9EjJjEWgAHAF+OKR3rKwj/0qI19fjGfHaYxyB0Pld2wIEEgGhWwhsBF/6kxvUie2LM/9FabIO9hDJr/2Xm1HiM2AUdpaUNxhzZ8EW5KwoyBt9MjUOs6UrFC1kfRDVP5fUOMfQkyoiw6prEx4N7tttxo='),(78,9,'4t7H8fL4rM4AJ7RoN6fQjg==','2019-10-11','2019-10-11 02:37:59','5CldZQC7URojttuWIG5O9EjJjEWgAHAF+OKR3rKwj/0qI19fjGfHaYxyB0Pld2wIEEgGhWwhsBF/6kxvUie2LM/9FabIO9hDJr/2Xm1HiM2AUdpaUNxhzZ8EW5KwoyBt9MjUOs6UrFC1kfRDVP5fUOMfQkyoiw6prEx4N7tttxo='),(79,2,'4t7H8fL4rM4AJ7RoN6fQjg==','2019-10-11','2019-10-11 02:47:57','5CldZQC7URojttuWIG5O9EjJjEWgAHAF+OKR3rKwj/0qI19fjGfHaYxyB0Pld2wIEEgGhWwhsBF/6kxvUie2LM/9FabIO9hDJr/2Xm1HiM2AUdpaUNxhzZ8EW5KwoyBt9MjUOs6UrFC1kfRDVP5fUOMfQkyoiw6prEx4N7tttxo='),(80,9,'4t7H8fL4rM4AJ7RoN6fQjg==','2019-10-11','2019-10-11 02:48:36','5CldZQC7URojttuWIG5O9EjJjEWgAHAF+OKR3rKwj/0qI19fjGfHaYxyB0Pld2wIEEgGhWwhsBF/6kxvUie2LM/9FabIO9hDJr/2Xm1HiM2AUdpaUNxhzZ8EW5KwoyBt9MjUOs6UrFC1kfRDVP5fUOMfQkyoiw6prEx4N7tttxo='),(81,2,'4t7H8fL4rM4AJ7RoN6fQjg==','2019-10-11','2019-10-11 02:49:10','5CldZQC7URojttuWIG5O9EjJjEWgAHAF+OKR3rKwj/0qI19fjGfHaYxyB0Pld2wIEEgGhWwhsBF/6kxvUie2LM/9FabIO9hDJr/2Xm1HiM2AUdpaUNxhzZ8EW5KwoyBt9MjUOs6UrFC1kfRDVP5fUOMfQkyoiw6prEx4N7tttxo='),(82,1,'4t7H8fL4rM4AJ7RoN6fQjg==','2019-10-11','2019-10-11 02:54:37','5CldZQC7URojttuWIG5O9EjJjEWgAHAF+OKR3rKwj/0qI19fjGfHaYxyB0Pld2wIEEgGhWwhsBF/6kxvUie2LM/9FabIO9hDJr/2Xm1HiM2AUdpaUNxhzZ8EW5KwoyBt9MjUOs6UrFC1kfRDVP5fUOMfQkyoiw6prEx4N7tttxo='),(83,1,'4t7H8fL4rM4AJ7RoN6fQjg==','2019-10-11','2019-10-11 03:25:34','5CldZQC7URojttuWIG5O9EjJjEWgAHAF+OKR3rKwj/0qI19fjGfHaYxyB0Pld2wIEEgGhWwhsBF/6kxvUie2LM/9FabIO9hDJr/2Xm1HiM2AUdpaUNxhzZ8EW5KwoyBt9MjUOs6UrFC1kfRDVP5fUOMfQkyoiw6prEx4N7tttxo='),(84,11,'O69d/hyFeKCCUPpcfNVufA==','2019-10-11','2019-10-11 03:47:31','5CldZQC7URojttuWIG5O9EjJjEWgAHAF+OKR3rKwj/0qI19fjGfHaYxyB0Pld2wIEEgGhWwhsBF/6kxvUie2LM/9FabIO9hDJr/2Xm1HiM2AUdpaUNxhzZ8EW5KwoyBt9MjUOs6UrFC1kfRDVP5fUOMfQkyoiw6prEx4N7tttxo='),(85,12,'TAhFCdHj5awUoZmPi3YxBg==','2019-10-11','2019-10-11 04:17:27','5CldZQC7URojttuWIG5O9MkvBnjdJ+bqS/uLc4LZTxmxYKvZ27QclsPZXDbJcFLue1vAg4aHCGhBfCN3x4r9sUrcgoFVz5WJhq89vjx9DiggifNxd4n/YumBMNw1RrTacS63WbdcBPjDYk2zNplvLE6F76n8NQBrDLYV3J7A9Js='),(86,12,'TAhFCdHj5awUoZmPi3YxBg==','2019-10-11','2019-10-11 04:18:34','5CldZQC7URojttuWIG5O9MkvBnjdJ+bqS/uLc4LZTxmxYKvZ27QclsPZXDbJcFLue1vAg4aHCGhBfCN3x4r9sUrcgoFVz5WJhq89vjx9DiggifNxd4n/YumBMNw1RrTacS63WbdcBPjDYk2zNplvLE6F76n8NQBrDLYV3J7A9Js='),(87,9,'4t7H8fL4rM4AJ7RoN6fQjg==','2019-10-11','2019-10-11 04:37:47','5CldZQC7URojttuWIG5O9EjJjEWgAHAF+OKR3rKwj/0qI19fjGfHaYxyB0Pld2wIEEgGhWwhsBF/6kxvUie2LM/9FabIO9hDJr/2Xm1HiM2AUdpaUNxhzZ8EW5KwoyBt9MjUOs6UrFC1kfRDVP5fUOMfQkyoiw6prEx4N7tttxo='),(88,1,'4t7H8fL4rM4AJ7RoN6fQjg==','2019-10-11','2019-10-11 05:02:04','5CldZQC7URojttuWIG5O9EjJjEWgAHAF+OKR3rKwj/0qI19fjGfHaYxyB0Pld2wIEEgGhWwhsBF/6kxvUie2LM/9FabIO9hDJr/2Xm1HiM2AUdpaUNxhzZ8EW5KwoyBt9MjUOs6UrFC1kfRDVP5fUOMfQkyoiw6prEx4N7tttxo='),(89,13,'1pPpg2DYrrm5s0Or8pCjfQ==','2019-10-11','2019-10-11 05:47:16','5CldZQC7URojttuWIG5O9MkvBnjdJ+bqS/uLc4LZTxmxYKvZ27QclsPZXDbJcFLue1vAg4aHCGhBfCN3x4r9sUrcgoFVz5WJhq89vjx9DiggifNxd4n/YumBMNw1RrTacS63WbdcBPjDYk2zNplvLE6F76n8NQBrDLYV3J7A9Js='),(90,12,'TAhFCdHj5awUoZmPi3YxBg==','2019-10-11','2019-10-11 05:59:23','5CldZQC7URojttuWIG5O9MkvBnjdJ+bqS/uLc4LZTxmxYKvZ27QclsPZXDbJcFLue1vAg4aHCGhBfCN3x4r9sUrcgoFVz5WJhq89vjx9DiggifNxd4n/YumBMNw1RrTacS63WbdcBPjDYk2zNplvLE6F76n8NQBrDLYV3J7A9Js='),(91,1,'4t7H8fL4rM4AJ7RoN6fQjg==','2019-10-11','2019-10-11 06:11:48','5CldZQC7URojttuWIG5O9EjJjEWgAHAF+OKR3rKwj/0qI19fjGfHaYxyB0Pld2wIEEgGhWwhsBF/6kxvUie2LM/9FabIO9hDJr/2Xm1HiM2AUdpaUNxhzZ8EW5KwoyBt9MjUOs6UrFC1kfRDVP5fUOMfQkyoiw6prEx4N7tttxo='),(92,11,'O69d/hyFeKCCUPpcfNVufA==','2019-10-11','2019-10-11 06:29:49','5CldZQC7URojttuWIG5O9EjJjEWgAHAF+OKR3rKwj/0qI19fjGfHaYxyB0Pld2wIEEgGhWwhsBF/6kxvUie2LM/9FabIO9hDJr/2Xm1HiM2AUdpaUNxhzZ8EW5KwoyBt9MjUOs6UrFC1kfRDVP5fUOMfQkyoiw6prEx4N7tttxo='),(93,13,'1pPpg2DYrrm5s0Or8pCjfQ==','2019-10-11','2019-10-11 06:30:08','5CldZQC7URojttuWIG5O9MkvBnjdJ+bqS/uLc4LZTxmxYKvZ27QclsPZXDbJcFLue1vAg4aHCGhBfCN3x4r9sUrcgoFVz5WJhq89vjx9DiggifNxd4n/YumBMNw1RrTacS63WbdcBPjDYk2zNplvLE6F76n8NQBrDLYV3J7A9Js='),(94,15,'fFAm619H74hSxCLIiiQWYQ==','2019-10-11','2019-10-11 06:48:12','5CldZQC7URojttuWIG5O9EjJjEWgAHAF+OKR3rKwj/0qI19fjGfHaYxyB0Pld2wIEEgGhWwhsBF/6kxvUie2LM/9FabIO9hDJr/2Xm1HiM2AUdpaUNxhzZ8EW5KwoyBt9MjUOs6UrFC1kfRDVP5fUOMfQkyoiw6prEx4N7tttxo='),(95,12,'TAhFCdHj5awUoZmPi3YxBg==','2019-10-11','2019-10-11 07:33:13','5CldZQC7URojttuWIG5O9MkvBnjdJ+bqS/uLc4LZTxmxYKvZ27QclsPZXDbJcFLue1vAg4aHCGhBfCN3x4r9sUrcgoFVz5WJhq89vjx9DiggifNxd4n/YumBMNw1RrTacS63WbdcBPjDYk2zNplvLE6F76n8NQBrDLYV3J7A9Js='),(96,13,'1pPpg2DYrrm5s0Or8pCjfQ==','2019-10-11','2019-10-11 07:51:53','5CldZQC7URojttuWIG5O9MkvBnjdJ+bqS/uLc4LZTxmxYKvZ27QclsPZXDbJcFLue1vAg4aHCGhBfCN3x4r9sUrcgoFVz5WJhq89vjx9DiggifNxd4n/YumBMNw1RrTacS63WbdcBPjDYk2zNplvLE6F76n8NQBrDLYV3J7A9Js='),(97,1,'o6AVX79GLI3GDdIp0HzGcg==','2019-10-11','2019-10-11 08:21:56','5CldZQC7URojttuWIG5O9NJEwWAxlhFNPaH2A9L7ym5Ub5UfVR8IEjjWCoX6CSvnHVxT/OCMU2TAaJ1NdLIGnkQspTPmd7Vu1z3EtZ5ZKcg='),(98,2,'4t7H8fL4rM4AJ7RoN6fQjg==','2019-10-11','2019-10-11 09:04:30','5CldZQC7URojttuWIG5O9EjJjEWgAHAF+OKR3rKwj/0qI19fjGfHaYxyB0Pld2wIEEgGhWwhsBF/6kxvUie2LM/9FabIO9hDJr/2Xm1HiM2AUdpaUNxhzZ8EW5KwoyBt9MjUOs6UrFC1kfRDVP5fUOMfQkyoiw6prEx4N7tttxo='),(99,1,'4t7H8fL4rM4AJ7RoN6fQjg==','2019-10-11','2019-10-11 09:04:44','5CldZQC7URojttuWIG5O9EjJjEWgAHAF+OKR3rKwj/0qI19fjGfHaYxyB0Pld2wIEEgGhWwhsBF/6kxvUie2LM/9FabIO9hDJr/2Xm1HiM2AUdpaUNxhzZ8EW5KwoyBt9MjUOs6UrFC1kfRDVP5fUOMfQkyoiw6prEx4N7tttxo='),(100,1,'gz8EahaRiLa30tchyS9Jwg==','2019-10-11','2019-10-11 14:48:48','3t/5P2JFIU11EZFOXIHb6xIO7zomnjjLHiTCYJWltiyBXbiz4j9E7fFY+za0OpFBhjNgLfX9jT4rxU7ZnQf78RizQFStMMKI7CiL+lQoEyUbLn+1yGswHnTRaiLIVAzJSe3lFOM6TR4DJBsmuG+sjv0PoZIWt2gi804j6IgQneE='),(101,1,'gz8EahaRiLa30tchyS9Jwg==','2019-10-12','2019-10-12 22:30:55','3t/5P2JFIU11EZFOXIHb6xIO7zomnjjLHiTCYJWltiyBXbiz4j9E7fFY+za0OpFBhjNgLfX9jT4rxU7ZnQf78RizQFStMMKI7CiL+lQoEyUbLn+1yGswHnTRaiLIVAzJSe3lFOM6TR4DJBsmuG+sjv0PoZIWt2gi804j6IgQneE='),(102,1,'TJ+Lq4TQWgDzJpaz16Esvw==','2019-10-13','2019-10-13 07:25:10','3t/5P2JFIU11EZFOXIHb6xIO7zomnjjLHiTCYJWltiyBXbiz4j9E7fFY+za0OpFBhjNgLfX9jT4rxU7ZnQf78RizQFStMMKI7CiL+lQoEyUbLn+1yGswHnTRaiLIVAzJSe3lFOM6TR4DJBsmuG+sjv0PoZIWt2gi804j6IgQneE='),(103,2,'TJ+Lq4TQWgDzJpaz16Esvw==','2019-10-13','2019-10-13 07:26:44','3t/5P2JFIU11EZFOXIHb6xIO7zomnjjLHiTCYJWltiyBXbiz4j9E7fFY+za0OpFBhjNgLfX9jT4rxU7ZnQf78RizQFStMMKI7CiL+lQoEyUbLn+1yGswHnTRaiLIVAzJSe3lFOM6TR4DJBsmuG+sjv0PoZIWt2gi804j6IgQneE='),(104,1,'4t7H8fL4rM4AJ7RoN6fQjg==','2019-10-14','2019-10-14 10:07:25','5CldZQC7URojttuWIG5O9EjJjEWgAHAF+OKR3rKwj/0qI19fjGfHaYxyB0Pld2wIEEgGhWwhsBF/6kxvUie2LM/9FabIO9hDJr/2Xm1HiM2AUdpaUNxhzZ8EW5KwoyBt9MjUOs6UrFC1kfRDVP5fUOMfQkyoiw6prEx4N7tttxo='),(105,1,'4t7H8fL4rM4AJ7RoN6fQjg==','2019-10-14','2019-10-14 11:25:05','5CldZQC7URojttuWIG5O9EjJjEWgAHAF+OKR3rKwj/0qI19fjGfHaYxyB0Pld2wIEEgGhWwhsBF/6kxvUie2LM/9FabIO9hDJr/2Xm1HiM2AUdpaUNxhzZ8EW5KwoyBt9MjUOs6UrFC1kfRDVP5fUOMfQkyoiw6prEx4N7tttxo='),(106,1,'4t7H8fL4rM4AJ7RoN6fQjg==','2019-10-14','2019-10-14 13:48:49','5CldZQC7URojttuWIG5O9EjJjEWgAHAF+OKR3rKwj/0qI19fjGfHaYxyB0Pld2wIEEgGhWwhsBF/6kxvUie2LM/9FabIO9hDJr/2Xm1HiM2AUdpaUNxhzZ8EW5KwoyBt9MjUOs6UrFC1kfRDVP5fUOMfQkyoiw6prEx4N7tttxo='),(107,2,'4t7H8fL4rM4AJ7RoN6fQjg==','2019-10-14','2019-10-14 15:18:41','5CldZQC7URojttuWIG5O9EjJjEWgAHAF+OKR3rKwj/0qI19fjGfHaYxyB0Pld2wIEEgGhWwhsBF/6kxvUie2LM/9FabIO9hDJr/2Xm1HiM2AUdpaUNxhzZ8EW5KwoyBt9MjUOs6UrFC1kfRDVP5fUOMfQkyoiw6prEx4N7tttxo='),(108,1,'4t7H8fL4rM4AJ7RoN6fQjg==','2019-10-14','2019-10-14 15:23:32','5CldZQC7URojttuWIG5O9EjJjEWgAHAF+OKR3rKwj/0qI19fjGfHaYxyB0Pld2wIEEgGhWwhsBF/6kxvUie2LM/9FabIO9hDJr/2Xm1HiM2AUdpaUNxhzZ8EW5KwoyBt9MjUOs6UrFC1kfRDVP5fUOMfQkyoiw6prEx4N7tttxo='),(109,2,'4t7H8fL4rM4AJ7RoN6fQjg==','2019-10-14','2019-10-14 15:23:58','5CldZQC7URojttuWIG5O9EjJjEWgAHAF+OKR3rKwj/0qI19fjGfHaYxyB0Pld2wIEEgGhWwhsBF/6kxvUie2LM/9FabIO9hDJr/2Xm1HiM2AUdpaUNxhzZ8EW5KwoyBt9MjUOs6UrFC1kfRDVP5fUOMfQkyoiw6prEx4N7tttxo='),(110,1,'4t7H8fL4rM4AJ7RoN6fQjg==','2019-10-14','2019-10-14 15:24:13','5CldZQC7URojttuWIG5O9EjJjEWgAHAF+OKR3rKwj/0qI19fjGfHaYxyB0Pld2wIEEgGhWwhsBF/6kxvUie2LM/9FabIO9hDJr/2Xm1HiM2AUdpaUNxhzZ8EW5KwoyBt9MjUOs6UrFC1kfRDVP5fUOMfQkyoiw6prEx4N7tttxo='),(111,5,'4t7H8fL4rM4AJ7RoN6fQjg==','2019-10-14','2019-10-14 15:59:52','5CldZQC7URojttuWIG5O9EjJjEWgAHAF+OKR3rKwj/0qI19fjGfHaYxyB0Pld2wIEEgGhWwhsBF/6kxvUie2LM/9FabIO9hDJr/2Xm1HiM2AUdpaUNxhzZ8EW5KwoyBt9MjUOs6UrFC1kfRDVP5fUOMfQkyoiw6prEx4N7tttxo='),(112,1,'4t7H8fL4rM4AJ7RoN6fQjg==','2019-10-14','2019-10-14 16:00:52','5CldZQC7URojttuWIG5O9EjJjEWgAHAF+OKR3rKwj/0qI19fjGfHaYxyB0Pld2wIEEgGhWwhsBF/6kxvUie2LM/9FabIO9hDJr/2Xm1HiM2AUdpaUNxhzZ8EW5KwoyBt9MjUOs6UrFC1kfRDVP5fUOMfQkyoiw6prEx4N7tttxo='),(113,1,'4t7H8fL4rM4AJ7RoN6fQjg==','2019-10-14','2019-10-14 16:01:08','5CldZQC7URojttuWIG5O9EjJjEWgAHAF+OKR3rKwj/0qI19fjGfHaYxyB0Pld2wIEEgGhWwhsBF/6kxvUie2LM/9FabIO9hDJr/2Xm1HiM2AUdpaUNxhzZ8EW5KwoyBt9MjUOs6UrFC1kfRDVP5fUOMfQkyoiw6prEx4N7tttxo='),(114,5,'4t7H8fL4rM4AJ7RoN6fQjg==','2019-10-14','2019-10-14 16:01:25','5CldZQC7URojttuWIG5O9EjJjEWgAHAF+OKR3rKwj/0qI19fjGfHaYxyB0Pld2wIEEgGhWwhsBF/6kxvUie2LM/9FabIO9hDJr/2Xm1HiM2AUdpaUNxhzZ8EW5KwoyBt9MjUOs6UrFC1kfRDVP5fUOMfQkyoiw6prEx4N7tttxo='),(115,1,'4t7H8fL4rM4AJ7RoN6fQjg==','2019-10-14','2019-10-14 16:01:48','5CldZQC7URojttuWIG5O9EjJjEWgAHAF+OKR3rKwj/0qI19fjGfHaYxyB0Pld2wIEEgGhWwhsBF/6kxvUie2LM/9FabIO9hDJr/2Xm1HiM2AUdpaUNxhzZ8EW5KwoyBt9MjUOs6UrFC1kfRDVP5fUOMfQkyoiw6prEx4N7tttxo='),(116,2,'4t7H8fL4rM4AJ7RoN6fQjg==','2019-10-14','2019-10-14 16:04:55','5CldZQC7URojttuWIG5O9EjJjEWgAHAF+OKR3rKwj/0qI19fjGfHaYxyB0Pld2wIEEgGhWwhsBF/6kxvUie2LM/9FabIO9hDJr/2Xm1HiM2AUdpaUNxhzZ8EW5KwoyBt9MjUOs6UrFC1kfRDVP5fUOMfQkyoiw6prEx4N7tttxo='),(117,1,'4t7H8fL4rM4AJ7RoN6fQjg==','2019-10-14','2019-10-14 16:05:43','5CldZQC7URojttuWIG5O9EjJjEWgAHAF+OKR3rKwj/0qI19fjGfHaYxyB0Pld2wIEEgGhWwhsBF/6kxvUie2LM/9FabIO9hDJr/2Xm1HiM2AUdpaUNxhzZ8EW5KwoyBt9MjUOs6UrFC1kfRDVP5fUOMfQkyoiw6prEx4N7tttxo='),(118,2,'4t7H8fL4rM4AJ7RoN6fQjg==','2019-10-14','2019-10-14 16:06:19','5CldZQC7URojttuWIG5O9EjJjEWgAHAF+OKR3rKwj/0qI19fjGfHaYxyB0Pld2wIEEgGhWwhsBF/6kxvUie2LM/9FabIO9hDJr/2Xm1HiM2AUdpaUNxhzZ8EW5KwoyBt9MjUOs6UrFC1kfRDVP5fUOMfQkyoiw6prEx4N7tttxo='),(119,8,'4t7H8fL4rM4AJ7RoN6fQjg==','2019-10-14','2019-10-14 16:09:37','5CldZQC7URojttuWIG5O9EjJjEWgAHAF+OKR3rKwj/0qI19fjGfHaYxyB0Pld2wIEEgGhWwhsBF/6kxvUie2LM/9FabIO9hDJr/2Xm1HiM2AUdpaUNxhzZ8EW5KwoyBt9MjUOs6UrFC1kfRDVP5fUOMfQkyoiw6prEx4N7tttxo='),(120,2,'4t7H8fL4rM4AJ7RoN6fQjg==','2019-10-14','2019-10-14 16:11:38','5CldZQC7URojttuWIG5O9EjJjEWgAHAF+OKR3rKwj/0qI19fjGfHaYxyB0Pld2wIEEgGhWwhsBF/6kxvUie2LM/9FabIO9hDJr/2Xm1HiM2AUdpaUNxhzZ8EW5KwoyBt9MjUOs6UrFC1kfRDVP5fUOMfQkyoiw6prEx4N7tttxo='),(121,8,'4t7H8fL4rM4AJ7RoN6fQjg==','2019-10-14','2019-10-14 16:12:04','5CldZQC7URojttuWIG5O9EjJjEWgAHAF+OKR3rKwj/0qI19fjGfHaYxyB0Pld2wIEEgGhWwhsBF/6kxvUie2LM/9FabIO9hDJr/2Xm1HiM2AUdpaUNxhzZ8EW5KwoyBt9MjUOs6UrFC1kfRDVP5fUOMfQkyoiw6prEx4N7tttxo='),(122,3,'4t7H8fL4rM4AJ7RoN6fQjg==','2019-10-14','2019-10-14 16:13:16','5CldZQC7URojttuWIG5O9EjJjEWgAHAF+OKR3rKwj/0qI19fjGfHaYxyB0Pld2wIEEgGhWwhsBF/6kxvUie2LM/9FabIO9hDJr/2Xm1HiM2AUdpaUNxhzZ8EW5KwoyBt9MjUOs6UrFC1kfRDVP5fUOMfQkyoiw6prEx4N7tttxo='),(123,6,'4t7H8fL4rM4AJ7RoN6fQjg==','2019-10-14','2019-10-14 16:18:51','5CldZQC7URojttuWIG5O9EjJjEWgAHAF+OKR3rKwj/0qI19fjGfHaYxyB0Pld2wIEEgGhWwhsBF/6kxvUie2LM/9FabIO9hDJr/2Xm1HiM2AUdpaUNxhzZ8EW5KwoyBt9MjUOs6UrFC1kfRDVP5fUOMfQkyoiw6prEx4N7tttxo='),(124,2,'4t7H8fL4rM4AJ7RoN6fQjg==','2019-10-14','2019-10-14 16:19:09','5CldZQC7URojttuWIG5O9EjJjEWgAHAF+OKR3rKwj/0qI19fjGfHaYxyB0Pld2wIEEgGhWwhsBF/6kxvUie2LM/9FabIO9hDJr/2Xm1HiM2AUdpaUNxhzZ8EW5KwoyBt9MjUOs6UrFC1kfRDVP5fUOMfQkyoiw6prEx4N7tttxo='),(125,2,'4t7H8fL4rM4AJ7RoN6fQjg==','2019-10-14','2019-10-14 16:19:26','5CldZQC7URojttuWIG5O9EjJjEWgAHAF+OKR3rKwj/0qI19fjGfHaYxyB0Pld2wIEEgGhWwhsBF/6kxvUie2LM/9FabIO9hDJr/2Xm1HiM2AUdpaUNxhzZ8EW5KwoyBt9MjUOs6UrFC1kfRDVP5fUOMfQkyoiw6prEx4N7tttxo='),(126,3,'4t7H8fL4rM4AJ7RoN6fQjg==','2019-10-14','2019-10-14 16:19:37','5CldZQC7URojttuWIG5O9EjJjEWgAHAF+OKR3rKwj/0qI19fjGfHaYxyB0Pld2wIEEgGhWwhsBF/6kxvUie2LM/9FabIO9hDJr/2Xm1HiM2AUdpaUNxhzZ8EW5KwoyBt9MjUOs6UrFC1kfRDVP5fUOMfQkyoiw6prEx4N7tttxo='),(127,3,'4t7H8fL4rM4AJ7RoN6fQjg==','2019-10-14','2019-10-14 16:20:07','5CldZQC7URojttuWIG5O9EjJjEWgAHAF+OKR3rKwj/0qI19fjGfHaYxyB0Pld2wIEEgGhWwhsBF/6kxvUie2LM/9FabIO9hDJr/2Xm1HiM2AUdpaUNxhzZ8EW5KwoyBt9MjUOs6UrFC1kfRDVP5fUOMfQkyoiw6prEx4N7tttxo='),(128,6,'4t7H8fL4rM4AJ7RoN6fQjg==','2019-10-14','2019-10-14 16:20:15','5CldZQC7URojttuWIG5O9EjJjEWgAHAF+OKR3rKwj/0qI19fjGfHaYxyB0Pld2wIEEgGhWwhsBF/6kxvUie2LM/9FabIO9hDJr/2Xm1HiM2AUdpaUNxhzZ8EW5KwoyBt9MjUOs6UrFC1kfRDVP5fUOMfQkyoiw6prEx4N7tttxo='),(129,2,'4t7H8fL4rM4AJ7RoN6fQjg==','2019-10-14','2019-10-14 16:20:49','5CldZQC7URojttuWIG5O9EjJjEWgAHAF+OKR3rKwj/0qI19fjGfHaYxyB0Pld2wIEEgGhWwhsBF/6kxvUie2LM/9FabIO9hDJr/2Xm1HiM2AUdpaUNxhzZ8EW5KwoyBt9MjUOs6UrFC1kfRDVP5fUOMfQkyoiw6prEx4N7tttxo='),(130,9,'4t7H8fL4rM4AJ7RoN6fQjg==','2019-10-14','2019-10-14 18:06:11','5CldZQC7URojttuWIG5O9EjJjEWgAHAF+OKR3rKwj/0qI19fjGfHaYxyB0Pld2wIEEgGhWwhsBF/6kxvUie2LM/9FabIO9hDJr/2Xm1HiM2AUdpaUNxhzZ8EW5KwoyBt9MjUOs6UrFC1kfRDVP5fUOMfQkyoiw6prEx4N7tttxo='),(131,2,'4t7H8fL4rM4AJ7RoN6fQjg==','2019-10-14','2019-10-14 18:07:25','5CldZQC7URojttuWIG5O9EjJjEWgAHAF+OKR3rKwj/0qI19fjGfHaYxyB0Pld2wIEEgGhWwhsBF/6kxvUie2LM/9FabIO9hDJr/2Xm1HiM2AUdpaUNxhzZ8EW5KwoyBt9MjUOs6UrFC1kfRDVP5fUOMfQkyoiw6prEx4N7tttxo='),(132,8,'4t7H8fL4rM4AJ7RoN6fQjg==','2019-10-14','2019-10-14 18:07:58','5CldZQC7URojttuWIG5O9EjJjEWgAHAF+OKR3rKwj/0qI19fjGfHaYxyB0Pld2wIEEgGhWwhsBF/6kxvUie2LM/9FabIO9hDJr/2Xm1HiM2AUdpaUNxhzZ8EW5KwoyBt9MjUOs6UrFC1kfRDVP5fUOMfQkyoiw6prEx4N7tttxo='),(133,1,'4t7H8fL4rM4AJ7RoN6fQjg==','2019-10-14','2019-10-14 18:08:24','5CldZQC7URojttuWIG5O9EjJjEWgAHAF+OKR3rKwj/0qI19fjGfHaYxyB0Pld2wIEEgGhWwhsBF/6kxvUie2LM/9FabIO9hDJr/2Xm1HiM2AUdpaUNxhzZ8EW5KwoyBt9MjUOs6UrFC1kfRDVP5fUOMfQkyoiw6prEx4N7tttxo='),(134,9,'4t7H8fL4rM4AJ7RoN6fQjg==','2019-10-14','2019-10-14 18:08:35','5CldZQC7URojttuWIG5O9EjJjEWgAHAF+OKR3rKwj/0qI19fjGfHaYxyB0Pld2wIEEgGhWwhsBF/6kxvUie2LM/9FabIO9hDJr/2Xm1HiM2AUdpaUNxhzZ8EW5KwoyBt9MjUOs6UrFC1kfRDVP5fUOMfQkyoiw6prEx4N7tttxo='),(135,1,'4t7H8fL4rM4AJ7RoN6fQjg==','2019-10-14','2019-10-14 18:09:37','5CldZQC7URojttuWIG5O9EjJjEWgAHAF+OKR3rKwj/0qI19fjGfHaYxyB0Pld2wIEEgGhWwhsBF/6kxvUie2LM/9FabIO9hDJr/2Xm1HiM2AUdpaUNxhzZ8EW5KwoyBt9MjUOs6UrFC1kfRDVP5fUOMfQkyoiw6prEx4N7tttxo='),(136,2,'4t7H8fL4rM4AJ7RoN6fQjg==','2019-10-14','2019-10-14 18:10:15','5CldZQC7URojttuWIG5O9EjJjEWgAHAF+OKR3rKwj/0qI19fjGfHaYxyB0Pld2wIEEgGhWwhsBF/6kxvUie2LM/9FabIO9hDJr/2Xm1HiM2AUdpaUNxhzZ8EW5KwoyBt9MjUOs6UrFC1kfRDVP5fUOMfQkyoiw6prEx4N7tttxo='),(137,9,'4t7H8fL4rM4AJ7RoN6fQjg==','2019-10-14','2019-10-14 18:11:10','5CldZQC7URojttuWIG5O9EjJjEWgAHAF+OKR3rKwj/0qI19fjGfHaYxyB0Pld2wIEEgGhWwhsBF/6kxvUie2LM/9FabIO9hDJr/2Xm1HiM2AUdpaUNxhzZ8EW5KwoyBt9MjUOs6UrFC1kfRDVP5fUOMfQkyoiw6prEx4N7tttxo='),(138,9,'4t7H8fL4rM4AJ7RoN6fQjg==','2019-10-14','2019-10-14 18:13:54','5CldZQC7URojttuWIG5O9EjJjEWgAHAF+OKR3rKwj/0qI19fjGfHaYxyB0Pld2wIEEgGhWwhsBF/6kxvUie2LM/9FabIO9hDJr/2Xm1HiM2AUdpaUNxhzZ8EW5KwoyBt9MjUOs6UrFC1kfRDVP5fUOMfQkyoiw6prEx4N7tttxo='),(139,8,'4t7H8fL4rM4AJ7RoN6fQjg==','2019-10-14','2019-10-14 18:14:01','5CldZQC7URojttuWIG5O9EjJjEWgAHAF+OKR3rKwj/0qI19fjGfHaYxyB0Pld2wIEEgGhWwhsBF/6kxvUie2LM/9FabIO9hDJr/2Xm1HiM2AUdpaUNxhzZ8EW5KwoyBt9MjUOs6UrFC1kfRDVP5fUOMfQkyoiw6prEx4N7tttxo='),(140,8,'4t7H8fL4rM4AJ7RoN6fQjg==','2019-10-14','2019-10-14 18:15:04','5CldZQC7URojttuWIG5O9EjJjEWgAHAF+OKR3rKwj/0qI19fjGfHaYxyB0Pld2wIEEgGhWwhsBF/6kxvUie2LM/9FabIO9hDJr/2Xm1HiM2AUdpaUNxhzZ8EW5KwoyBt9MjUOs6UrFC1kfRDVP5fUOMfQkyoiw6prEx4N7tttxo='),(141,7,'4t7H8fL4rM4AJ7RoN6fQjg==','2019-10-14','2019-10-14 18:15:43','5CldZQC7URojttuWIG5O9EjJjEWgAHAF+OKR3rKwj/0qI19fjGfHaYxyB0Pld2wIEEgGhWwhsBF/6kxvUie2LM/9FabIO9hDJr/2Xm1HiM2AUdpaUNxhzZ8EW5KwoyBt9MjUOs6UrFC1kfRDVP5fUOMfQkyoiw6prEx4N7tttxo='),(142,2,'4t7H8fL4rM4AJ7RoN6fQjg==','2019-10-14','2019-10-14 18:16:07','5CldZQC7URojttuWIG5O9EjJjEWgAHAF+OKR3rKwj/0qI19fjGfHaYxyB0Pld2wIEEgGhWwhsBF/6kxvUie2LM/9FabIO9hDJr/2Xm1HiM2AUdpaUNxhzZ8EW5KwoyBt9MjUOs6UrFC1kfRDVP5fUOMfQkyoiw6prEx4N7tttxo='),(143,7,'4t7H8fL4rM4AJ7RoN6fQjg==','2019-10-14','2019-10-14 18:16:50','5CldZQC7URojttuWIG5O9EjJjEWgAHAF+OKR3rKwj/0qI19fjGfHaYxyB0Pld2wIEEgGhWwhsBF/6kxvUie2LM/9FabIO9hDJr/2Xm1HiM2AUdpaUNxhzZ8EW5KwoyBt9MjUOs6UrFC1kfRDVP5fUOMfQkyoiw6prEx4N7tttxo='),(144,10,'4t7H8fL4rM4AJ7RoN6fQjg==','2019-10-14','2019-10-14 18:18:19','5CldZQC7URojttuWIG5O9EjJjEWgAHAF+OKR3rKwj/0qI19fjGfHaYxyB0Pld2wIEEgGhWwhsBF/6kxvUie2LM/9FabIO9hDJr/2Xm1HiM2AUdpaUNxhzZ8EW5KwoyBt9MjUOs6UrFC1kfRDVP5fUOMfQkyoiw6prEx4N7tttxo='),(145,1,'4t7H8fL4rM4AJ7RoN6fQjg==','2019-10-14','2019-10-14 18:18:54','5CldZQC7URojttuWIG5O9EjJjEWgAHAF+OKR3rKwj/0qI19fjGfHaYxyB0Pld2wIEEgGhWwhsBF/6kxvUie2LM/9FabIO9hDJr/2Xm1HiM2AUdpaUNxhzZ8EW5KwoyBt9MjUOs6UrFC1kfRDVP5fUOMfQkyoiw6prEx4N7tttxo='),(146,10,'4t7H8fL4rM4AJ7RoN6fQjg==','2019-10-14','2019-10-14 18:19:09','5CldZQC7URojttuWIG5O9EjJjEWgAHAF+OKR3rKwj/0qI19fjGfHaYxyB0Pld2wIEEgGhWwhsBF/6kxvUie2LM/9FabIO9hDJr/2Xm1HiM2AUdpaUNxhzZ8EW5KwoyBt9MjUOs6UrFC1kfRDVP5fUOMfQkyoiw6prEx4N7tttxo='),(147,1,'4t7H8fL4rM4AJ7RoN6fQjg==','2019-10-14','2019-10-14 18:19:44','5CldZQC7URojttuWIG5O9EjJjEWgAHAF+OKR3rKwj/0qI19fjGfHaYxyB0Pld2wIEEgGhWwhsBF/6kxvUie2LM/9FabIO9hDJr/2Xm1HiM2AUdpaUNxhzZ8EW5KwoyBt9MjUOs6UrFC1kfRDVP5fUOMfQkyoiw6prEx4N7tttxo='),(148,10,'4t7H8fL4rM4AJ7RoN6fQjg==','2019-10-14','2019-10-14 18:20:46','5CldZQC7URojttuWIG5O9EjJjEWgAHAF+OKR3rKwj/0qI19fjGfHaYxyB0Pld2wIEEgGhWwhsBF/6kxvUie2LM/9FabIO9hDJr/2Xm1HiM2AUdpaUNxhzZ8EW5KwoyBt9MjUOs6UrFC1kfRDVP5fUOMfQkyoiw6prEx4N7tttxo='),(149,1,'4t7H8fL4rM4AJ7RoN6fQjg==','2019-10-14','2019-10-14 18:20:58','5CldZQC7URojttuWIG5O9EjJjEWgAHAF+OKR3rKwj/0qI19fjGfHaYxyB0Pld2wIEEgGhWwhsBF/6kxvUie2LM/9FabIO9hDJr/2Xm1HiM2AUdpaUNxhzZ8EW5KwoyBt9MjUOs6UrFC1kfRDVP5fUOMfQkyoiw6prEx4N7tttxo='),(150,10,'4t7H8fL4rM4AJ7RoN6fQjg==','2019-10-14','2019-10-14 18:21:54','5CldZQC7URojttuWIG5O9EjJjEWgAHAF+OKR3rKwj/0qI19fjGfHaYxyB0Pld2wIEEgGhWwhsBF/6kxvUie2LM/9FabIO9hDJr/2Xm1HiM2AUdpaUNxhzZ8EW5KwoyBt9MjUOs6UrFC1kfRDVP5fUOMfQkyoiw6prEx4N7tttxo='),(151,9,'4t7H8fL4rM4AJ7RoN6fQjg==','2019-10-14','2019-10-14 18:22:54','5CldZQC7URojttuWIG5O9EjJjEWgAHAF+OKR3rKwj/0qI19fjGfHaYxyB0Pld2wIEEgGhWwhsBF/6kxvUie2LM/9FabIO9hDJr/2Xm1HiM2AUdpaUNxhzZ8EW5KwoyBt9MjUOs6UrFC1kfRDVP5fUOMfQkyoiw6prEx4N7tttxo='),(152,10,'4t7H8fL4rM4AJ7RoN6fQjg==','2019-10-14','2019-10-14 18:23:10','5CldZQC7URojttuWIG5O9EjJjEWgAHAF+OKR3rKwj/0qI19fjGfHaYxyB0Pld2wIEEgGhWwhsBF/6kxvUie2LM/9FabIO9hDJr/2Xm1HiM2AUdpaUNxhzZ8EW5KwoyBt9MjUOs6UrFC1kfRDVP5fUOMfQkyoiw6prEx4N7tttxo='),(153,9,'4t7H8fL4rM4AJ7RoN6fQjg==','2019-10-14','2019-10-14 18:23:33','5CldZQC7URojttuWIG5O9EjJjEWgAHAF+OKR3rKwj/0qI19fjGfHaYxyB0Pld2wIEEgGhWwhsBF/6kxvUie2LM/9FabIO9hDJr/2Xm1HiM2AUdpaUNxhzZ8EW5KwoyBt9MjUOs6UrFC1kfRDVP5fUOMfQkyoiw6prEx4N7tttxo='),(154,10,'4t7H8fL4rM4AJ7RoN6fQjg==','2019-10-14','2019-10-14 18:24:19','5CldZQC7URojttuWIG5O9EjJjEWgAHAF+OKR3rKwj/0qI19fjGfHaYxyB0Pld2wIEEgGhWwhsBF/6kxvUie2LM/9FabIO9hDJr/2Xm1HiM2AUdpaUNxhzZ8EW5KwoyBt9MjUOs6UrFC1kfRDVP5fUOMfQkyoiw6prEx4N7tttxo='),(155,1,'4t7H8fL4rM4AJ7RoN6fQjg==','2019-10-14','2019-10-14 18:29:51','5CldZQC7URojttuWIG5O9EjJjEWgAHAF+OKR3rKwj/0qI19fjGfHaYxyB0Pld2wIEEgGhWwhsBF/6kxvUie2LM/9FabIO9hDJr/2Xm1HiM2AUdpaUNxhzZ8EW5KwoyBt9MjUOs6UrFC1kfRDVP5fUOMfQkyoiw6prEx4N7tttxo='),(156,10,'4t7H8fL4rM4AJ7RoN6fQjg==','2019-10-15','2019-10-15 09:37:01','5CldZQC7URojttuWIG5O9EjJjEWgAHAF+OKR3rKwj/0qI19fjGfHaYxyB0Pld2wIEEgGhWwhsBF/6kxvUie2LM/9FabIO9hDJr/2Xm1HiM2AUdpaUNxhzZ8EW5KwoyBt9MjUOs6UrFC1kfRDVP5fUOMfQkyoiw6prEx4N7tttxo='),(157,8,'4t7H8fL4rM4AJ7RoN6fQjg==','2019-10-15','2019-10-15 09:46:22','5CldZQC7URojttuWIG5O9EjJjEWgAHAF+OKR3rKwj/0qI19fjGfHaYxyB0Pld2wIEEgGhWwhsBF/6kxvUie2LM/9FabIO9hDJr/2Xm1HiM2AUdpaUNxhzZ8EW5KwoyBt9MjUOs6UrFC1kfRDVP5fUOMfQkyoiw6prEx4N7tttxo='),(158,9,'4t7H8fL4rM4AJ7RoN6fQjg==','2019-10-15','2019-10-15 09:46:46','5CldZQC7URojttuWIG5O9EjJjEWgAHAF+OKR3rKwj/0qI19fjGfHaYxyB0Pld2wIEEgGhWwhsBF/6kxvUie2LM/9FabIO9hDJr/2Xm1HiM2AUdpaUNxhzZ8EW5KwoyBt9MjUOs6UrFC1kfRDVP5fUOMfQkyoiw6prEx4N7tttxo='),(159,10,'4t7H8fL4rM4AJ7RoN6fQjg==','2019-10-15','2019-10-15 09:47:45','5CldZQC7URojttuWIG5O9EjJjEWgAHAF+OKR3rKwj/0qI19fjGfHaYxyB0Pld2wIEEgGhWwhsBF/6kxvUie2LM/9FabIO9hDJr/2Xm1HiM2AUdpaUNxhzZ8EW5KwoyBt9MjUOs6UrFC1kfRDVP5fUOMfQkyoiw6prEx4N7tttxo='),(160,2,'4t7H8fL4rM4AJ7RoN6fQjg==','2019-10-15','2019-10-15 09:54:32','5CldZQC7URojttuWIG5O9EjJjEWgAHAF+OKR3rKwj/0qI19fjGfHaYxyB0Pld2wIEEgGhWwhsBF/6kxvUie2LM/9FabIO9hDJr/2Xm1HiM2AUdpaUNxhzZ8EW5KwoyBt9MjUOs6UrFC1kfRDVP5fUOMfQkyoiw6prEx4N7tttxo='),(161,3,'4t7H8fL4rM4AJ7RoN6fQjg==','2019-10-15','2019-10-15 09:55:44','5CldZQC7URojttuWIG5O9EjJjEWgAHAF+OKR3rKwj/0qI19fjGfHaYxyB0Pld2wIEEgGhWwhsBF/6kxvUie2LM/9FabIO9hDJr/2Xm1HiM2AUdpaUNxhzZ8EW5KwoyBt9MjUOs6UrFC1kfRDVP5fUOMfQkyoiw6prEx4N7tttxo='),(162,9,'4t7H8fL4rM4AJ7RoN6fQjg==','2019-10-15','2019-10-15 09:56:59','5CldZQC7URojttuWIG5O9EjJjEWgAHAF+OKR3rKwj/0qI19fjGfHaYxyB0Pld2wIEEgGhWwhsBF/6kxvUie2LM/9FabIO9hDJr/2Xm1HiM2AUdpaUNxhzZ8EW5KwoyBt9MjUOs6UrFC1kfRDVP5fUOMfQkyoiw6prEx4N7tttxo='),(163,2,'4t7H8fL4rM4AJ7RoN6fQjg==','2019-10-15','2019-10-15 09:58:00','5CldZQC7URojttuWIG5O9EjJjEWgAHAF+OKR3rKwj/0qI19fjGfHaYxyB0Pld2wIEEgGhWwhsBF/6kxvUie2LM/9FabIO9hDJr/2Xm1HiM2AUdpaUNxhzZ8EW5KwoyBt9MjUOs6UrFC1kfRDVP5fUOMfQkyoiw6prEx4N7tttxo='),(164,3,'4t7H8fL4rM4AJ7RoN6fQjg==','2019-10-15','2019-10-15 09:58:55','5CldZQC7URojttuWIG5O9EjJjEWgAHAF+OKR3rKwj/0qI19fjGfHaYxyB0Pld2wIEEgGhWwhsBF/6kxvUie2LM/9FabIO9hDJr/2Xm1HiM2AUdpaUNxhzZ8EW5KwoyBt9MjUOs6UrFC1kfRDVP5fUOMfQkyoiw6prEx4N7tttxo='),(165,5,'4t7H8fL4rM4AJ7RoN6fQjg==','2019-10-15','2019-10-15 09:59:16','5CldZQC7URojttuWIG5O9EjJjEWgAHAF+OKR3rKwj/0qI19fjGfHaYxyB0Pld2wIEEgGhWwhsBF/6kxvUie2LM/9FabIO9hDJr/2Xm1HiM2AUdpaUNxhzZ8EW5KwoyBt9MjUOs6UrFC1kfRDVP5fUOMfQkyoiw6prEx4N7tttxo='),(166,2,'4t7H8fL4rM4AJ7RoN6fQjg==','2019-10-15','2019-10-15 09:59:34','5CldZQC7URojttuWIG5O9EjJjEWgAHAF+OKR3rKwj/0qI19fjGfHaYxyB0Pld2wIEEgGhWwhsBF/6kxvUie2LM/9FabIO9hDJr/2Xm1HiM2AUdpaUNxhzZ8EW5KwoyBt9MjUOs6UrFC1kfRDVP5fUOMfQkyoiw6prEx4N7tttxo='),(167,5,'4t7H8fL4rM4AJ7RoN6fQjg==','2019-10-15','2019-10-15 10:00:07','5CldZQC7URojttuWIG5O9EjJjEWgAHAF+OKR3rKwj/0qI19fjGfHaYxyB0Pld2wIEEgGhWwhsBF/6kxvUie2LM/9FabIO9hDJr/2Xm1HiM2AUdpaUNxhzZ8EW5KwoyBt9MjUOs6UrFC1kfRDVP5fUOMfQkyoiw6prEx4N7tttxo='),(168,9,'4t7H8fL4rM4AJ7RoN6fQjg==','2019-10-15','2019-10-15 10:00:30','5CldZQC7URojttuWIG5O9EjJjEWgAHAF+OKR3rKwj/0qI19fjGfHaYxyB0Pld2wIEEgGhWwhsBF/6kxvUie2LM/9FabIO9hDJr/2Xm1HiM2AUdpaUNxhzZ8EW5KwoyBt9MjUOs6UrFC1kfRDVP5fUOMfQkyoiw6prEx4N7tttxo='),(169,7,'4t7H8fL4rM4AJ7RoN6fQjg==','2019-10-15','2019-10-15 10:13:28','5CldZQC7URojttuWIG5O9EjJjEWgAHAF+OKR3rKwj/0qI19fjGfHaYxyB0Pld2wIEEgGhWwhsBF/6kxvUie2LM/9FabIO9hDJr/2Xm1HiM2AUdpaUNxhzZ8EW5KwoyBt9MjUOs6UrFC1kfRDVP5fUOMfQkyoiw6prEx4N7tttxo='),(170,3,'4t7H8fL4rM4AJ7RoN6fQjg==','2019-10-15','2019-10-15 10:13:47','5CldZQC7URojttuWIG5O9EjJjEWgAHAF+OKR3rKwj/0qI19fjGfHaYxyB0Pld2wIEEgGhWwhsBF/6kxvUie2LM/9FabIO9hDJr/2Xm1HiM2AUdpaUNxhzZ8EW5KwoyBt9MjUOs6UrFC1kfRDVP5fUOMfQkyoiw6prEx4N7tttxo='),(171,9,'4t7H8fL4rM4AJ7RoN6fQjg==','2019-10-15','2019-10-15 10:13:59','5CldZQC7URojttuWIG5O9EjJjEWgAHAF+OKR3rKwj/0qI19fjGfHaYxyB0Pld2wIEEgGhWwhsBF/6kxvUie2LM/9FabIO9hDJr/2Xm1HiM2AUdpaUNxhzZ8EW5KwoyBt9MjUOs6UrFC1kfRDVP5fUOMfQkyoiw6prEx4N7tttxo='),(172,9,'4t7H8fL4rM4AJ7RoN6fQjg==','2019-10-15','2019-10-15 10:14:42','5CldZQC7URojttuWIG5O9EjJjEWgAHAF+OKR3rKwj/0qI19fjGfHaYxyB0Pld2wIEEgGhWwhsBF/6kxvUie2LM/9FabIO9hDJr/2Xm1HiM2AUdpaUNxhzZ8EW5KwoyBt9MjUOs6UrFC1kfRDVP5fUOMfQkyoiw6prEx4N7tttxo='),(173,7,'4t7H8fL4rM4AJ7RoN6fQjg==','2019-10-15','2019-10-15 10:14:59','5CldZQC7URojttuWIG5O9EjJjEWgAHAF+OKR3rKwj/0qI19fjGfHaYxyB0Pld2wIEEgGhWwhsBF/6kxvUie2LM/9FabIO9hDJr/2Xm1HiM2AUdpaUNxhzZ8EW5KwoyBt9MjUOs6UrFC1kfRDVP5fUOMfQkyoiw6prEx4N7tttxo='),(174,3,'4t7H8fL4rM4AJ7RoN6fQjg==','2019-10-15','2019-10-15 10:15:35','5CldZQC7URojttuWIG5O9EjJjEWgAHAF+OKR3rKwj/0qI19fjGfHaYxyB0Pld2wIEEgGhWwhsBF/6kxvUie2LM/9FabIO9hDJr/2Xm1HiM2AUdpaUNxhzZ8EW5KwoyBt9MjUOs6UrFC1kfRDVP5fUOMfQkyoiw6prEx4N7tttxo='),(175,1,'4t7H8fL4rM4AJ7RoN6fQjg==','2019-10-15','2019-10-15 12:10:42','5CldZQC7URojttuWIG5O9EjJjEWgAHAF+OKR3rKwj/0qI19fjGfHaYxyB0Pld2wIEEgGhWwhsBF/6kxvUie2LM/9FabIO9hDJr/2Xm1HiM2AUdpaUNxhzZ8EW5KwoyBt9MjUOs6UrFC1kfRDVP5fUOMfQkyoiw6prEx4N7tttxo='),(176,1,'4t7H8fL4rM4AJ7RoN6fQjg==','2019-10-15','2019-10-15 13:40:29','5CldZQC7URojttuWIG5O9EjJjEWgAHAF+OKR3rKwj/0qI19fjGfHaYxyB0Pld2wIEEgGhWwhsBF/6kxvUie2LM/9FabIO9hDJr/2Xm1HiM2AUdpaUNxhzZ8EW5KwoyBt9MjUOs6UrFC1kfRDVP5fUOMfQkyoiw6prEx4N7tttxo='),(177,1,'4t7H8fL4rM4AJ7RoN6fQjg==','2019-10-15','2019-10-15 14:17:00','5CldZQC7URojttuWIG5O9EjJjEWgAHAF+OKR3rKwj/0qI19fjGfHaYxyB0Pld2wIEEgGhWwhsBF/6kxvUie2LM/9FabIO9hDJr/2Xm1HiM2AUdpaUNxhzZ8EW5KwoyBt9MjUOs6UrFC1kfRDVP5fUOMfQkyoiw6prEx4N7tttxo='),(178,1,'4t7H8fL4rM4AJ7RoN6fQjg==','2019-10-15','2019-10-15 15:39:21','5CldZQC7URojttuWIG5O9EjJjEWgAHAF+OKR3rKwj/0qI19fjGfHaYxyB0Pld2wIEEgGhWwhsBF/6kxvUie2LM/9FabIO9hDJr/2Xm1HiM2AUdpaUNxhzZ8EW5KwoyBt9MjUOs6UrFC1kfRDVP5fUOMfQkyoiw6prEx4N7tttxo='),(179,3,'4t7H8fL4rM4AJ7RoN6fQjg==','2019-10-15','2019-10-15 15:47:54','5CldZQC7URojttuWIG5O9EjJjEWgAHAF+OKR3rKwj/0qI19fjGfHaYxyB0Pld2wIEEgGhWwhsBF/6kxvUie2LM/9FabIO9hDJr/2Xm1HiM2AUdpaUNxhzZ8EW5KwoyBt9MjUOs6UrFC1kfRDVP5fUOMfQkyoiw6prEx4N7tttxo='),(180,9,'4t7H8fL4rM4AJ7RoN6fQjg==','2019-10-15','2019-10-15 15:52:56','5CldZQC7URojttuWIG5O9EjJjEWgAHAF+OKR3rKwj/0qI19fjGfHaYxyB0Pld2wIEEgGhWwhsBF/6kxvUie2LM/9FabIO9hDJr/2Xm1HiM2AUdpaUNxhzZ8EW5KwoyBt9MjUOs6UrFC1kfRDVP5fUOMfQkyoiw6prEx4N7tttxo='),(181,1,'4t7H8fL4rM4AJ7RoN6fQjg==','2019-10-15','2019-10-15 15:53:32','5CldZQC7URojttuWIG5O9EjJjEWgAHAF+OKR3rKwj/0qI19fjGfHaYxyB0Pld2wIEEgGhWwhsBF/6kxvUie2LM/9FabIO9hDJr/2Xm1HiM2AUdpaUNxhzZ8EW5KwoyBt9MjUOs6UrFC1kfRDVP5fUOMfQkyoiw6prEx4N7tttxo='),(182,5,'4t7H8fL4rM4AJ7RoN6fQjg==','2019-10-15','2019-10-15 15:53:54','5CldZQC7URojttuWIG5O9EjJjEWgAHAF+OKR3rKwj/0qI19fjGfHaYxyB0Pld2wIEEgGhWwhsBF/6kxvUie2LM/9FabIO9hDJr/2Xm1HiM2AUdpaUNxhzZ8EW5KwoyBt9MjUOs6UrFC1kfRDVP5fUOMfQkyoiw6prEx4N7tttxo='),(183,3,'4t7H8fL4rM4AJ7RoN6fQjg==','2019-10-15','2019-10-15 15:54:16','5CldZQC7URojttuWIG5O9EjJjEWgAHAF+OKR3rKwj/0qI19fjGfHaYxyB0Pld2wIEEgGhWwhsBF/6kxvUie2LM/9FabIO9hDJr/2Xm1HiM2AUdpaUNxhzZ8EW5KwoyBt9MjUOs6UrFC1kfRDVP5fUOMfQkyoiw6prEx4N7tttxo='),(184,1,'4t7H8fL4rM4AJ7RoN6fQjg==','2019-10-15','2019-10-15 16:36:18','5CldZQC7URojttuWIG5O9EjJjEWgAHAF+OKR3rKwj/0qI19fjGfHaYxyB0Pld2wIEEgGhWwhsBF/6kxvUie2LM/9FabIO9hDJr/2Xm1HiM2AUdpaUNxhzZ8EW5KwoyBt9MjUOs6UrFC1kfRDVP5fUOMfQkyoiw6prEx4N7tttxo='),(185,6,'4t7H8fL4rM4AJ7RoN6fQjg==','2019-10-15','2019-10-15 16:50:06','5CldZQC7URojttuWIG5O9EjJjEWgAHAF+OKR3rKwj/0qI19fjGfHaYxyB0Pld2wIEEgGhWwhsBF/6kxvUie2LM/9FabIO9hDJr/2Xm1HiM2AUdpaUNxhzZ8EW5KwoyBt9MjUOs6UrFC1kfRDVP5fUOMfQkyoiw6prEx4N7tttxo='),(186,8,'4t7H8fL4rM4AJ7RoN6fQjg==','2019-10-15','2019-10-15 16:50:55','5CldZQC7URojttuWIG5O9EjJjEWgAHAF+OKR3rKwj/0qI19fjGfHaYxyB0Pld2wIEEgGhWwhsBF/6kxvUie2LM/9FabIO9hDJr/2Xm1HiM2AUdpaUNxhzZ8EW5KwoyBt9MjUOs6UrFC1kfRDVP5fUOMfQkyoiw6prEx4N7tttxo='),(187,6,'4t7H8fL4rM4AJ7RoN6fQjg==','2019-10-15','2019-10-15 16:51:24','5CldZQC7URojttuWIG5O9EjJjEWgAHAF+OKR3rKwj/0qI19fjGfHaYxyB0Pld2wIEEgGhWwhsBF/6kxvUie2LM/9FabIO9hDJr/2Xm1HiM2AUdpaUNxhzZ8EW5KwoyBt9MjUOs6UrFC1kfRDVP5fUOMfQkyoiw6prEx4N7tttxo='),(188,8,'4t7H8fL4rM4AJ7RoN6fQjg==','2019-10-15','2019-10-15 16:53:08','5CldZQC7URojttuWIG5O9EjJjEWgAHAF+OKR3rKwj/0qI19fjGfHaYxyB0Pld2wIEEgGhWwhsBF/6kxvUie2LM/9FabIO9hDJr/2Xm1HiM2AUdpaUNxhzZ8EW5KwoyBt9MjUOs6UrFC1kfRDVP5fUOMfQkyoiw6prEx4N7tttxo='),(189,6,'4t7H8fL4rM4AJ7RoN6fQjg==','2019-10-15','2019-10-15 16:54:27','5CldZQC7URojttuWIG5O9EjJjEWgAHAF+OKR3rKwj/0qI19fjGfHaYxyB0Pld2wIEEgGhWwhsBF/6kxvUie2LM/9FabIO9hDJr/2Xm1HiM2AUdpaUNxhzZ8EW5KwoyBt9MjUOs6UrFC1kfRDVP5fUOMfQkyoiw6prEx4N7tttxo='),(190,2,'4t7H8fL4rM4AJ7RoN6fQjg==','2019-10-15','2019-10-15 17:09:48','5CldZQC7URojttuWIG5O9EjJjEWgAHAF+OKR3rKwj/0qI19fjGfHaYxyB0Pld2wIEEgGhWwhsBF/6kxvUie2LM/9FabIO9hDJr/2Xm1HiM2AUdpaUNxhzZ8EW5KwoyBt9MjUOs6UrFC1kfRDVP5fUOMfQkyoiw6prEx4N7tttxo='),(191,6,'4t7H8fL4rM4AJ7RoN6fQjg==','2019-10-15','2019-10-15 17:10:17','5CldZQC7URojttuWIG5O9EjJjEWgAHAF+OKR3rKwj/0qI19fjGfHaYxyB0Pld2wIEEgGhWwhsBF/6kxvUie2LM/9FabIO9hDJr/2Xm1HiM2AUdpaUNxhzZ8EW5KwoyBt9MjUOs6UrFC1kfRDVP5fUOMfQkyoiw6prEx4N7tttxo='),(192,1,'4t7H8fL4rM4AJ7RoN6fQjg==','2019-10-15','2019-10-15 17:15:19','5CldZQC7URojttuWIG5O9EjJjEWgAHAF+OKR3rKwj/0qI19fjGfHaYxyB0Pld2wIEEgGhWwhsBF/6kxvUie2LM/9FabIO9hDJr/2Xm1HiM2AUdpaUNxhzZ8EW5KwoyBt9MjUOs6UrFC1kfRDVP5fUOMfQkyoiw6prEx4N7tttxo='),(193,6,'4t7H8fL4rM4AJ7RoN6fQjg==','2019-10-15','2019-10-15 17:15:39','5CldZQC7URojttuWIG5O9EjJjEWgAHAF+OKR3rKwj/0qI19fjGfHaYxyB0Pld2wIEEgGhWwhsBF/6kxvUie2LM/9FabIO9hDJr/2Xm1HiM2AUdpaUNxhzZ8EW5KwoyBt9MjUOs6UrFC1kfRDVP5fUOMfQkyoiw6prEx4N7tttxo='),(194,1,'4t7H8fL4rM4AJ7RoN6fQjg==','2019-10-15','2019-10-15 17:16:02','5CldZQC7URojttuWIG5O9EjJjEWgAHAF+OKR3rKwj/0qI19fjGfHaYxyB0Pld2wIEEgGhWwhsBF/6kxvUie2LM/9FabIO9hDJr/2Xm1HiM2AUdpaUNxhzZ8EW5KwoyBt9MjUOs6UrFC1kfRDVP5fUOMfQkyoiw6prEx4N7tttxo='),(195,6,'4t7H8fL4rM4AJ7RoN6fQjg==','2019-10-15','2019-10-15 17:16:20','5CldZQC7URojttuWIG5O9EjJjEWgAHAF+OKR3rKwj/0qI19fjGfHaYxyB0Pld2wIEEgGhWwhsBF/6kxvUie2LM/9FabIO9hDJr/2Xm1HiM2AUdpaUNxhzZ8EW5KwoyBt9MjUOs6UrFC1kfRDVP5fUOMfQkyoiw6prEx4N7tttxo='),(196,1,'4t7H8fL4rM4AJ7RoN6fQjg==','2019-10-16','2019-10-16 09:32:11','5CldZQC7URojttuWIG5O9EjJjEWgAHAF+OKR3rKwj/0qI19fjGfHaYxyB0Pld2wIEEgGhWwhsBF/6kxvUie2LM/9FabIO9hDJr/2Xm1HiM2AUdpaUNxhzZ8EW5KwoyBt9MjUOs6UrFC1kfRDVP5fUOMfQkyoiw6prEx4N7tttxo='),(197,3,'4t7H8fL4rM4AJ7RoN6fQjg==','2019-10-16','2019-10-16 09:50:41','5CldZQC7URojttuWIG5O9EjJjEWgAHAF+OKR3rKwj/0qI19fjGfHaYxyB0Pld2wIEEgGhWwhsBF/6kxvUie2LM/9FabIO9hDJr/2Xm1HiM2AUdpaUNxhzZ8EW5KwoyBt9MjUOs6UrFC1kfRDVP5fUOMfQkyoiw6prEx4N7tttxo='),(198,5,'4t7H8fL4rM4AJ7RoN6fQjg==','2019-10-16','2019-10-16 09:51:39','5CldZQC7URojttuWIG5O9EjJjEWgAHAF+OKR3rKwj/0qI19fjGfHaYxyB0Pld2wIEEgGhWwhsBF/6kxvUie2LM/9FabIO9hDJr/2Xm1HiM2AUdpaUNxhzZ8EW5KwoyBt9MjUOs6UrFC1kfRDVP5fUOMfQkyoiw6prEx4N7tttxo='),(199,9,'4t7H8fL4rM4AJ7RoN6fQjg==','2019-10-16','2019-10-16 09:54:17','5CldZQC7URojttuWIG5O9EjJjEWgAHAF+OKR3rKwj/0qI19fjGfHaYxyB0Pld2wIEEgGhWwhsBF/6kxvUie2LM/9FabIO9hDJr/2Xm1HiM2AUdpaUNxhzZ8EW5KwoyBt9MjUOs6UrFC1kfRDVP5fUOMfQkyoiw6prEx4N7tttxo='),(200,3,'4t7H8fL4rM4AJ7RoN6fQjg==','2019-10-16','2019-10-16 09:54:37','5CldZQC7URojttuWIG5O9EjJjEWgAHAF+OKR3rKwj/0qI19fjGfHaYxyB0Pld2wIEEgGhWwhsBF/6kxvUie2LM/9FabIO9hDJr/2Xm1HiM2AUdpaUNxhzZ8EW5KwoyBt9MjUOs6UrFC1kfRDVP5fUOMfQkyoiw6prEx4N7tttxo='),(201,5,'4t7H8fL4rM4AJ7RoN6fQjg==','2019-10-16','2019-10-16 09:57:01','5CldZQC7URojttuWIG5O9EjJjEWgAHAF+OKR3rKwj/0qI19fjGfHaYxyB0Pld2wIEEgGhWwhsBF/6kxvUie2LM/9FabIO9hDJr/2Xm1HiM2AUdpaUNxhzZ8EW5KwoyBt9MjUOs6UrFC1kfRDVP5fUOMfQkyoiw6prEx4N7tttxo='),(202,7,'4t7H8fL4rM4AJ7RoN6fQjg==','2019-10-16','2019-10-16 13:52:41','5CldZQC7URojttuWIG5O9EjJjEWgAHAF+OKR3rKwj/0qI19fjGfHaYxyB0Pld2wIEEgGhWwhsBF/6kxvUie2LM/9FabIO9hDJr/2Xm1HiM2AUdpaUNxhzZ8EW5KwoyBt9MjUOs6UrFC1kfRDVP5fUOMfQkyoiw6prEx4N7tttxo='),(203,2,'4t7H8fL4rM4AJ7RoN6fQjg==','2019-10-16','2019-10-16 13:54:42','5CldZQC7URojttuWIG5O9EjJjEWgAHAF+OKR3rKwj/0qI19fjGfHaYxyB0Pld2wIEEgGhWwhsBF/6kxvUie2LM/9FabIO9hDJr/2Xm1HiM2AUdpaUNxhzZ8EW5KwoyBt9MjUOs6UrFC1kfRDVP5fUOMfQkyoiw6prEx4N7tttxo='),(204,7,'4t7H8fL4rM4AJ7RoN6fQjg==','2019-10-16','2019-10-16 13:55:08','5CldZQC7URojttuWIG5O9EjJjEWgAHAF+OKR3rKwj/0qI19fjGfHaYxyB0Pld2wIEEgGhWwhsBF/6kxvUie2LM/9FabIO9hDJr/2Xm1HiM2AUdpaUNxhzZ8EW5KwoyBt9MjUOs6UrFC1kfRDVP5fUOMfQkyoiw6prEx4N7tttxo='),(205,1,'gz8EahaRiLa30tchyS9Jwg==','2019-10-17','2019-10-17 06:53:25','3t/5P2JFIU11EZFOXIHb6xIO7zomnjjLHiTCYJWltiyBXbiz4j9E7fFY+za0OpFBhjNgLfX9jT4rxU7ZnQf78RizQFStMMKI7CiL+lQoEyUbLn+1yGswHnTRaiLIVAzJSe3lFOM6TR4DJBsmuG+sjv0PoZIWt2gi804j6IgQneE='),(206,1,'4t7H8fL4rM4AJ7RoN6fQjg==','2019-10-17','2019-10-17 09:39:40','5CldZQC7URojttuWIG5O9EjJjEWgAHAF+OKR3rKwj/0qI19fjGfHaYxyB0Pld2wIEEgGhWwhsBF/6kxvUie2LM/9FabIO9hDJr/2Xm1HiM2AUdpaUNxhzZ8EW5KwoyBtjdVpRxXHg7vf9WsaAPgoEmtc60N7G3nwFfhmwmH7E7k='),(207,8,'4t7H8fL4rM4AJ7RoN6fQjg==','2019-10-17','2019-10-17 11:34:23','5CldZQC7URojttuWIG5O9EjJjEWgAHAF+OKR3rKwj/0qI19fjGfHaYxyB0Pld2wIEEgGhWwhsBF/6kxvUie2LM/9FabIO9hDJr/2Xm1HiM2AUdpaUNxhzZ8EW5KwoyBtjdVpRxXHg7vf9WsaAPgoEmtc60N7G3nwFfhmwmH7E7k='),(208,1,'4t7H8fL4rM4AJ7RoN6fQjg==','2019-10-17','2019-10-17 11:37:08','5CldZQC7URojttuWIG5O9EjJjEWgAHAF+OKR3rKwj/0qI19fjGfHaYxyB0Pld2wIEEgGhWwhsBF/6kxvUie2LM/9FabIO9hDJr/2Xm1HiM2AUdpaUNxhzZ8EW5KwoyBtjdVpRxXHg7vf9WsaAPgoEmtc60N7G3nwFfhmwmH7E7k='),(209,8,'4t7H8fL4rM4AJ7RoN6fQjg==','2019-10-17','2019-10-17 11:37:55','5CldZQC7URojttuWIG5O9EjJjEWgAHAF+OKR3rKwj/0qI19fjGfHaYxyB0Pld2wIEEgGhWwhsBF/6kxvUie2LM/9FabIO9hDJr/2Xm1HiM2AUdpaUNxhzZ8EW5KwoyBtjdVpRxXHg7vf9WsaAPgoEmtc60N7G3nwFfhmwmH7E7k='),(210,1,'4t7H8fL4rM4AJ7RoN6fQjg==','2019-10-17','2019-10-17 18:20:12','5CldZQC7URojttuWIG5O9EjJjEWgAHAF+OKR3rKwj/0qI19fjGfHaYxyB0Pld2wIEEgGhWwhsBF/6kxvUie2LM/9FabIO9hDJr/2Xm1HiM2AUdpaUNxhzZ8EW5KwoyBtjdVpRxXHg7vf9WsaAPgoEmtc60N7G3nwFfhmwmH7E7k='),(211,1,'4t7H8fL4rM4AJ7RoN6fQjg==','2019-10-17','2019-10-17 18:24:46','5CldZQC7URojttuWIG5O9EjJjEWgAHAF+OKR3rKwj/0qI19fjGfHaYxyB0Pld2wIEEgGhWwhsBF/6kxvUie2LM/9FabIO9hDJr/2Xm1HiM2AUdpaUNxhzZ8EW5KwoyBtjdVpRxXHg7vf9WsaAPgoEmtc60N7G3nwFfhmwmH7E7k='),(212,2,'4t7H8fL4rM4AJ7RoN6fQjg==','2019-10-17','2019-10-17 18:27:34','5CldZQC7URojttuWIG5O9EjJjEWgAHAF+OKR3rKwj/0qI19fjGfHaYxyB0Pld2wIEEgGhWwhsBF/6kxvUie2LM/9FabIO9hDJr/2Xm1HiM2AUdpaUNxhzZ8EW5KwoyBtjdVpRxXHg7vf9WsaAPgoEmtc60N7G3nwFfhmwmH7E7k='),(213,1,'4t7H8fL4rM4AJ7RoN6fQjg==','2019-10-17','2019-10-17 18:27:47','5CldZQC7URojttuWIG5O9EjJjEWgAHAF+OKR3rKwj/0qI19fjGfHaYxyB0Pld2wIEEgGhWwhsBF/6kxvUie2LM/9FabIO9hDJr/2Xm1HiM2AUdpaUNxhzZ8EW5KwoyBtjdVpRxXHg7vf9WsaAPgoEmtc60N7G3nwFfhmwmH7E7k='),(214,2,'4t7H8fL4rM4AJ7RoN6fQjg==','2019-10-17','2019-10-17 18:28:23','5CldZQC7URojttuWIG5O9EjJjEWgAHAF+OKR3rKwj/0qI19fjGfHaYxyB0Pld2wIEEgGhWwhsBF/6kxvUie2LM/9FabIO9hDJr/2Xm1HiM2AUdpaUNxhzZ8EW5KwoyBtjdVpRxXHg7vf9WsaAPgoEmtc60N7G3nwFfhmwmH7E7k='),(215,1,'+OnW4smh5gInVZNtB/YL2w==','2019-10-17','2019-10-17 21:19:15','MKmP4jdB04cU0S4y2bjk8O7RoZRcxCH6G7oUXWGBCfHf/5bS2j2CaNJvXd9lODPWogoKywDIKM44Gj20epAbs4CqCoPKoQ2EH2eIq4bpWA7R6qFSPZO3gwUdjPprNfND2SxvIDPDbvjiGFvZ7iqcAEVHzHqeNNERTb/Gs1zAducaNBJ733307oHUsevhs6nQ'),(216,1,'4t7H8fL4rM4AJ7RoN6fQjg==','2019-10-18','2019-10-18 11:21:03','5CldZQC7URojttuWIG5O9EjJjEWgAHAF+OKR3rKwj/0qI19fjGfHaYxyB0Pld2wIEEgGhWwhsBF/6kxvUie2LM/9FabIO9hDJr/2Xm1HiM2AUdpaUNxhzZ8EW5KwoyBtjdVpRxXHg7vf9WsaAPgoEmtc60N7G3nwFfhmwmH7E7k='),(217,1,'4t7H8fL4rM4AJ7RoN6fQjg==','2019-10-18','2019-10-18 14:57:17','5CldZQC7URojttuWIG5O9EjJjEWgAHAF+OKR3rKwj/0qI19fjGfHaYxyB0Pld2wIEEgGhWwhsBF/6kxvUie2LM/9FabIO9hDJr/2Xm1HiM2AUdpaUNxhzZ8EW5KwoyBtjdVpRxXHg7vf9WsaAPgoEmtc60N7G3nwFfhmwmH7E7k='),(218,1,'4t7H8fL4rM4AJ7RoN6fQjg==','2019-10-21','2019-10-21 09:30:13','5CldZQC7URojttuWIG5O9EjJjEWgAHAF+OKR3rKwj/0qI19fjGfHaYxyB0Pld2wIEEgGhWwhsBF/6kxvUie2LM/9FabIO9hDJr/2Xm1HiM2AUdpaUNxhzZ8EW5KwoyBtjdVpRxXHg7vf9WsaAPgoEmtc60N7G3nwFfhmwmH7E7k='),(219,1,'4t7H8fL4rM4AJ7RoN6fQjg==','2019-10-21','2019-10-21 10:38:05','5CldZQC7URojttuWIG5O9EjJjEWgAHAF+OKR3rKwj/0qI19fjGfHaYxyB0Pld2wIEEgGhWwhsBF/6kxvUie2LM/9FabIO9hDJr/2Xm1HiM2AUdpaUNxhzZ8EW5KwoyBtjdVpRxXHg7vf9WsaAPgoEmtc60N7G3nwFfhmwmH7E7k=');
/*!40000 ALTER TABLE `th_access_ip` ENABLE KEYS */;
UNLOCK TABLES;

--
-- Table structure for table `th_activity_point_type`
--

DROP TABLE IF EXISTS `th_activity_point_type`;
/*!40101 SET @saved_cs_client     = @@character_set_client */;
/*!40101 SET character_set_client = utf8 */;
CREATE TABLE `th_activity_point_type` (
  `idx` int(11) unsigned NOT NULL AUTO_INCREMENT COMMENT 'th_activity_point_type.PK',
  `activity_type` varchar(30) NOT NULL COMMENT '활동유형',
  `point` int(11) NOT NULL COMMENT '부여되는 포인트',
  PRIMARY KEY (`idx`),
  KEY `activity_type` (`activity_type`)
) ENGINE=InnoDB AUTO_INCREMENT=3 DEFAULT CHARSET=utf8 COMMENT='활동 포인트 유형';
/*!40101 SET character_set_client = @saved_cs_client */;

--
-- Dumping data for table `th_activity_point_type`
--

LOCK TABLES `th_activity_point_type` WRITE;
/*!40000 ALTER TABLE `th_activity_point_type` DISABLE KEYS */;
INSERT INTO `th_activity_point_type` VALUES (1,'판매완료',1),(2,'구매완료',1);
/*!40000 ALTER TABLE `th_activity_point_type` ENABLE KEYS */;
UNLOCK TABLES;

--
-- Table structure for table `th_admin`
--

DROP TABLE IF EXISTS `th_admin`;
/*!40101 SET @saved_cs_client     = @@character_set_client */;
/*!40101 SET character_set_client = utf8 */;
CREATE TABLE `th_admin` (
  `idx` int(11) unsigned NOT NULL AUTO_INCREMENT COMMENT 'th_members.pk',
  `id` varchar(50) NOT NULL COMMENT '아이디',
  `password` varchar(100) NOT NULL COMMENT '패스워드',
  `email` varchar(70) NOT NULL COMMENT '이메일',
  `name` varchar(40) NOT NULL COMMENT '이름',
  `phone` varchar(40) NOT NULL COMMENT '연락처',
  `sex` char(1) NOT NULL DEFAULT 'M' COMMENT '성별(M:남자, W:여자)',
  `birth` varchar(40) NOT NULL COMMENT '생년월일',
  `join_date` date NOT NULL COMMENT '최초가입일자',
  `join_approval_date` date DEFAULT NULL COMMENT '메일승인일자',
  `withdraw_date` date DEFAULT NULL COMMENT '탈퇴일',
  `forcedEviction_date` date DEFAULT NULL COMMENT '강제탈퇴일',
  `is_forcedEviction` char(1) DEFAULT 'N' COMMENT '강제탈퇴여부',
  `modify_date` date DEFAULT NULL COMMENT '회원정보 수정일자',
  `is_superadmin` char(1) NOT NULL DEFAULT 'N' COMMENT '슈퍼관리자여부',
  PRIMARY KEY (`idx`),
  UNIQUE KEY `id` (`id`),
  UNIQUE KEY `phone` (`phone`),
  UNIQUE KEY `email` (`email`),
  KEY `name` (`name`),
  KEY `birth` (`birth`),
  KEY `join_approval_date` (`join_approval_date`),
  KEY `withdraw_date` (`withdraw_date`),
  KEY `forcedEviction_date` (`forcedEviction_date`)
) ENGINE=InnoDB AUTO_INCREMENT=7 DEFAULT CHARSET=utf8mb4 COMMENT='아이엠아이 관리자 테이블 ';
/*!40101 SET character_set_client = @saved_cs_client */;

--
-- Dumping data for table `th_admin`
--

LOCK TABLES `th_admin` WRITE;
/*!40000 ALTER TABLE `th_admin` DISABLE KEYS */;
INSERT INTO `th_admin` VALUES (1,'dealings','$2y$10$TBXJyVfNsip.dbJZ5uY8w.Q0fjsr9v3usUZwi7zfEMlN.0/2yHxmm','TZyWyaWbp2e/JNXd+dOnmtg51U4l2m/cDGYAACel5GY=','CZuxnUktsLu3lYqS8LF/5A==','fTyhzNgh165I1AetK2y0cg==','M','WX20D1e83BUw3CxzUcThyA==','2019-10-05','2019-10-05',NULL,NULL,'N','2019-10-10','N'),(2,'jdealingsn860987','$2y$10$y.EMqDnqWZUw5rNnqLsdQOGznYMxxlyk1BuNUBfbefmu2BAzmpO12','kDiI+JATXXAaGPEt1ZarFNWtSy9Vek/39dDirjCZcwM=','toD0np1M6+kfqeP9KdXu7g==','s5RP9N/Yhfi7USrpF+2wmg==','W','HBn4bxMeL3ZvmSNj/oeGQw==','2019-10-10',NULL,NULL,NULL,'N',NULL,'N'),(3,'test3','$2y$10$hd06aOmEXKCCRAj4NpHGkOk/91mOB6lWcOMf1ldJiBaY8nLxoLe6e','kC5Tmn7vnSTHl8kJnfOT8kO7akxa2kNPWNnce8r0ZjY=','zC3GNMvbtsgeHwOWhEpenA==','bMYUdC0GwNp3Js/3hqo0wQ==','M','Ro2bTRcOKesX01whzSSwjQ==','2019-10-10','2019-10-10',NULL,NULL,'N',NULL,'N'),(4,'test1111','$2y$10$OL.mE4YfH0eVkgC7QwfcEefDgwj.S4HE3wsOt3Gh5WkOhpP5nVB2O','AimJlbO8hNhXWmXmDVIv3grWqVaPiAUUzERc+XqYyKg=','zamGgCMgVcXaBHU4oeTF5A==','xtGJgZNw+Xn5XsdyQ1k/9w==','M','kvXXAkl5zZu4Brrgc9cUFQ==','2019-10-11','2019-10-11',NULL,NULL,'N',NULL,'N'),(5,'asdf','$2y$10$a3xRecI.kTNk/38rVKpM2u0suWG/NuMPetCvFt/KjHVbYOUaDftJC','zxNmgKWaaNGLC54FoCdRZ8QEf1WTQcVne/BeayXkaxw=','U0GFo3bK7RqhRJEiCp24lA==','Ee9Zk1+riQzpLXLLG91oSw==','M','c9Ee+CYfRNTe9gqWW9gkwQ==','2019-10-11','2019-10-11',NULL,NULL,'N',NULL,'N'),(6,'reddust','$2y$10$8AIXsbKhBcsMWvmBqdPw1ep04NYc2V2tESAGGNGJO9kiFpkqMYXja','2Ovx5bD3bPTAQzlPy4HndGAGFb6j6yrbJkSS61b9bmU=','d6x0pkvaAoYJnxmfymhI/A==','nNOQnF2HTfePHE2eNk0USw==','M','tlTJMwp4sGB1z5IuG0CLOg==','2019-10-11','2019-10-11',NULL,NULL,'N',NULL,'N');
/*!40000 ALTER TABLE `th_admin` ENABLE KEYS */;
UNLOCK TABLES;

--
-- Table structure for table `th_admin_access_ip`
--

DROP TABLE IF EXISTS `th_admin_access_ip`;
/*!40101 SET @saved_cs_client     = @@character_set_client */;
/*!40101 SET character_set_client = utf8 */;
CREATE TABLE `th_admin_access_ip` (
  `idx` int(11) unsigned NOT NULL AUTO_INCREMENT COMMENT 'th_access_ip.PK',
  `admin_idx` int(11) unsigned NOT NULL COMMENT 'th_member.idx PK',
  `access_ip` varchar(70) NOT NULL COMMENT '아이피',
  `access_date` date NOT NULL COMMENT '접근일자',
  `access_datetime` datetime NOT NULL COMMENT '접근시각',
  `access_user_agent` varchar(255) NOT NULL COMMENT '접근브라우저',
  PRIMARY KEY (`idx`),
  KEY `admin_idx` (`admin_idx`,`access_date`)
) ENGINE=InnoDB AUTO_INCREMENT=37 DEFAULT CHARSET=utf8 COMMENT='관리자 접속 내역';
/*!40101 SET character_set_client = @saved_cs_client */;

--
-- Dumping data for table `th_admin_access_ip`
--

LOCK TABLES `th_admin_access_ip` WRITE;
/*!40000 ALTER TABLE `th_admin_access_ip` DISABLE KEYS */;
INSERT INTO `th_admin_access_ip` VALUES (1,1,'gz8EahaRiLa30tchyS9Jwg==','2019-10-09','2019-10-09 02:10:27','3t/5P2JFIU11EZFOXIHb6xIO7zomnjjLHiTCYJWltiyBXbiz4j9E7fFY+za0OpFBhjNgLfX9jT4rxU7ZnQf78RizQFStMMKI7CiL+lQoEyUbLn+1yGswHnTRaiLIVAzJ9MAwdENAf6HP3kPhOypmRk/eDmFDLJRJCMDB9f96KIg='),(2,1,'TJ+Lq4TQWgDzJpaz16Esvw==','2019-10-09','2019-10-09 09:42:55','5CldZQC7URojttuWIG5O9MkvBnjdJ+bqS/uLc4LZTxmxYKvZ27QclsPZXDbJcFLue1vAg4aHCGhBfCN3x4r9sUrcgoFVz5WJhq89vjx9DiggifNxd4n/YumBMNw1RrTacS63WbdcBPjDYk2zNplvLE6F76n8NQBrDLYV3J7A9Js='),(3,1,'TJ+Lq4TQWgDzJpaz16Esvw==','2019-10-09','2019-10-09 14:16:08','3t/5P2JFIU11EZFOXIHb6xIO7zomnjjLHiTCYJWltiyBXbiz4j9E7fFY+za0OpFBhjNgLfX9jT4rxU7ZnQf78RizQFStMMKI7CiL+lQoEyUbLn+1yGswHnTRaiLIVAzJ9MAwdENAf6HP3kPhOypmRk/eDmFDLJRJCMDB9f96KIg='),(4,1,'TJ+Lq4TQWgDzJpaz16Esvw==','2019-10-09','2019-10-09 14:16:23','3t/5P2JFIU11EZFOXIHb6xIO7zomnjjLHiTCYJWltiyBXbiz4j9E7fFY+za0OpFBhjNgLfX9jT4rxU7ZnQf78RizQFStMMKI7CiL+lQoEyUbLn+1yGswHnTRaiLIVAzJ9MAwdENAf6HP3kPhOypmRk/eDmFDLJRJCMDB9f96KIg='),(5,3,'4t7H8fL4rM4AJ7RoN6fQjg==','2019-10-10','2019-10-10 03:03:55','5CldZQC7URojttuWIG5O9EjJjEWgAHAF+OKR3rKwj/0qI19fjGfHaYxyB0Pld2wIEEgGhWwhsBF/6kxvUie2LM/9FabIO9hDJr/2Xm1HiM2AUdpaUNxhzZ8EW5KwoyBt9MjUOs6UrFC1kfRDVP5fUOMfQkyoiw6prEx4N7tttxo='),(6,1,'4t7H8fL4rM4AJ7RoN6fQjg==','2019-10-10','2019-10-10 03:05:23','5CldZQC7URojttuWIG5O9EjJjEWgAHAF+OKR3rKwj/0qI19fjGfHaYxyB0Pld2wIEEgGhWwhsBF/6kxvUie2LM/9FabIO9hDJr/2Xm1HiM2AUdpaUNxhzZ8EW5KwoyBt9MjUOs6UrFC1kfRDVP5fUOMfQkyoiw6prEx4N7tttxo='),(7,1,'4t7H8fL4rM4AJ7RoN6fQjg==','2019-10-10','2019-10-10 03:10:43','5CldZQC7URojttuWIG5O9EjJjEWgAHAF+OKR3rKwj/0qI19fjGfHaYxyB0Pld2wIEEgGhWwhsBF/6kxvUie2LM/9FabIO9hDJr/2Xm1HiM2AUdpaUNxhzZ8EW5KwoyBt9MjUOs6UrFC1kfRDVP5fUOMfQkyoiw6prEx4N7tttxo='),(8,1,'4t7H8fL4rM4AJ7RoN6fQjg==','2019-10-10','2019-10-10 04:32:15','5CldZQC7URojttuWIG5O9EjJjEWgAHAF+OKR3rKwj/0qI19fjGfHaYxyB0Pld2wIEEgGhWwhsBF/6kxvUie2LM/9FabIO9hDJr/2Xm1HiM2AUdpaUNxhzZ8EW5KwoyBt9MjUOs6UrFC1kfRDVP5fUOMfQkyoiw6prEx4N7tttxo='),(9,1,'4t7H8fL4rM4AJ7RoN6fQjg==','2019-10-10','2019-10-10 04:34:30','5CldZQC7URojttuWIG5O9EjJjEWgAHAF+OKR3rKwj/0qI19fjGfHaYxyB0Pld2wIEEgGhWwhsBF/6kxvUie2LM/9FabIO9hDJr/2Xm1HiM2AUdpaUNxhzZ8EW5KwoyBt9MjUOs6UrFC1kfRDVP5fUOMfQkyoiw6prEx4N7tttxo='),(10,1,'4t7H8fL4rM4AJ7RoN6fQjg==','2019-10-10','2019-10-10 07:04:18','5CldZQC7URojttuWIG5O9EjJjEWgAHAF+OKR3rKwj/0qI19fjGfHaYxyB0Pld2wIEEgGhWwhsBF/6kxvUie2LM/9FabIO9hDJr/2Xm1HiM2AUdpaUNxhzZ8EW5KwoyBt9MjUOs6UrFC1kfRDVP5fUOMfQkyoiw6prEx4N7tttxo='),(11,1,'TGkVSoOlNKin1BpflnWRMg==','2019-10-10','2019-10-10 12:08:57','3t/5P2JFIU11EZFOXIHb6xIO7zomnjjLHiTCYJWltiyBXbiz4j9E7fFY+za0OpFBhjNgLfX9jT4rxU7ZnQf78RizQFStMMKI7CiL+lQoEyUbLn+1yGswHnTRaiLIVAzJ9MAwdENAf6HP3kPhOypmRk/eDmFDLJRJCMDB9f96KIg='),(12,1,'TGkVSoOlNKin1BpflnWRMg==','2019-10-10','2019-10-10 12:15:48','3t/5P2JFIU11EZFOXIHb6xIO7zomnjjLHiTCYJWltiyBXbiz4j9E7fFY+za0OpFBhjNgLfX9jT4rxU7ZnQf78RizQFStMMKI7CiL+lQoEyUbLn+1yGswHnTRaiLIVAzJ9MAwdENAf6HP3kPhOypmRk/eDmFDLJRJCMDB9f96KIg='),(13,1,'4t7H8fL4rM4AJ7RoN6fQjg==','2019-10-11','2019-10-11 00:25:23','5CldZQC7URojttuWIG5O9EjJjEWgAHAF+OKR3rKwj/0qI19fjGfHaYxyB0Pld2wIEEgGhWwhsBF/6kxvUie2LM/9FabIO9hDJr/2Xm1HiM2AUdpaUNxhzZ8EW5KwoyBt9MjUOs6UrFC1kfRDVP5fUOMfQkyoiw6prEx4N7tttxo='),(14,1,'4t7H8fL4rM4AJ7RoN6fQjg==','2019-10-11','2019-10-11 01:59:19','5CldZQC7URojttuWIG5O9EjJjEWgAHAF+OKR3rKwj/0qI19fjGfHaYxyB0Pld2wIEEgGhWwhsBF/6kxvUie2LM/9FabIO9hDJr/2Xm1HiM2AUdpaUNxhzZ8EW5KwoyBt9MjUOs6UrFC1kfRDVP5fUOMfQkyoiw6prEx4N7tttxo='),(15,4,'O69d/hyFeKCCUPpcfNVufA==','2019-10-11','2019-10-11 03:51:17','5CldZQC7URojttuWIG5O9EjJjEWgAHAF+OKR3rKwj/0qI19fjGfHaYxyB0Pld2wIEEgGhWwhsBF/6kxvUie2LM/9FabIO9hDJr/2Xm1HiM2AUdpaUNxhzZ8EW5KwoyBt9MjUOs6UrFC1kfRDVP5fUOMfQkyoiw6prEx4N7tttxo='),(16,5,'TAhFCdHj5awUoZmPi3YxBg==','2019-10-11','2019-10-11 04:17:35','5CldZQC7URojttuWIG5O9MkvBnjdJ+bqS/uLc4LZTxmxYKvZ27QclsPZXDbJcFLue1vAg4aHCGhBfCN3x4r9sUrcgoFVz5WJhq89vjx9DiggifNxd4n/YumBMNw1RrTacS63WbdcBPjDYk2zNplvLE6F76n8NQBrDLYV3J7A9Js='),(17,1,'4t7H8fL4rM4AJ7RoN6fQjg==','2019-10-11','2019-10-11 04:35:08','5CldZQC7URojttuWIG5O9EjJjEWgAHAF+OKR3rKwj/0qI19fjGfHaYxyB0Pld2wIEEgGhWwhsBF/6kxvUie2LM/9FabIO9hDJr/2Xm1HiM2AUdpaUNxhzZ8EW5KwoyBt9MjUOs6UrFC1kfRDVP5fUOMfQkyoiw6prEx4N7tttxo='),(18,4,'O69d/hyFeKCCUPpcfNVufA==','2019-10-11','2019-10-11 05:06:54','5CldZQC7URojttuWIG5O9EjJjEWgAHAF+OKR3rKwj/0qI19fjGfHaYxyB0Pld2wIEEgGhWwhsBF/6kxvUie2LM/9FabIO9hDJr/2Xm1HiM2AUdpaUNxhzZ8EW5KwoyBt9MjUOs6UrFC1kfRDVP5fUOMfQkyoiw6prEx4N7tttxo='),(19,1,'o6AVX79GLI3GDdIp0HzGcg==','2019-10-11','2019-10-11 05:50:52','5CldZQC7URojttuWIG5O9NJEwWAxlhFNPaH2A9L7ym5Ub5UfVR8IEjjWCoX6CSvnHVxT/OCMU2TAaJ1NdLIGnkQspTPmd7Vu1z3EtZ5ZKcg='),(20,6,'1pPpg2DYrrm5s0Or8pCjfQ==','2019-10-11','2019-10-11 05:56:11','5CldZQC7URojttuWIG5O9MkvBnjdJ+bqS/uLc4LZTxmxYKvZ27QclsPZXDbJcFLue1vAg4aHCGhBfCN3x4r9sUrcgoFVz5WJhq89vjx9DiggifNxd4n/YumBMNw1RrTacS63WbdcBPjDYk2zNplvLE6F76n8NQBrDLYV3J7A9Js='),(21,1,'4t7H8fL4rM4AJ7RoN6fQjg==','2019-10-11','2019-10-11 06:26:01','5CldZQC7URojttuWIG5O9EjJjEWgAHAF+OKR3rKwj/0qI19fjGfHaYxyB0Pld2wIEEgGhWwhsBF/6kxvUie2LM/9FabIO9hDJr/2Xm1HiM2AUdpaUNxhzZ8EW5KwoyBt9MjUOs6UrFC1kfRDVP5fUOMfQkyoiw6prEx4N7tttxo='),(22,4,'O69d/hyFeKCCUPpcfNVufA==','2019-10-11','2019-10-11 06:29:58','5CldZQC7URojttuWIG5O9EjJjEWgAHAF+OKR3rKwj/0qI19fjGfHaYxyB0Pld2wIEEgGhWwhsBF/6kxvUie2LM/9FabIO9hDJr/2Xm1HiM2AUdpaUNxhzZ8EW5KwoyBt9MjUOs6UrFC1kfRDVP5fUOMfQkyoiw6prEx4N7tttxo='),(23,1,'4t7H8fL4rM4AJ7RoN6fQjg==','2019-10-14','2019-10-14 10:12:11','5CldZQC7URojttuWIG5O9EjJjEWgAHAF+OKR3rKwj/0qI19fjGfHaYxyB0Pld2wIEEgGhWwhsBF/6kxvUie2LM/9FabIO9hDJr/2Xm1HiM2AUdpaUNxhzZ8EW5KwoyBt9MjUOs6UrFC1kfRDVP5fUOMfQkyoiw6prEx4N7tttxo='),(24,1,'4t7H8fL4rM4AJ7RoN6fQjg==','2019-10-14','2019-10-14 10:29:47','5CldZQC7URojttuWIG5O9EjJjEWgAHAF+OKR3rKwj/0qI19fjGfHaYxyB0Pld2wIEEgGhWwhsBF/6kxvUie2LM/9FabIO9hDJr/2Xm1HiM2AUdpaUNxhzZ8EW5KwoyBt9MjUOs6UrFC1kfRDVP5fUOMfQkyoiw6prEx4N7tttxo='),(25,1,'4t7H8fL4rM4AJ7RoN6fQjg==','2019-10-14','2019-10-14 14:28:09','5CldZQC7URojttuWIG5O9EjJjEWgAHAF+OKR3rKwj/0qI19fjGfHaYxyB0Pld2wIEEgGhWwhsBF/6kxvUie2LM/9FabIO9hDJr/2Xm1HiM2AUdpaUNxhzZ8EW5KwoyBt9MjUOs6UrFC1kfRDVP5fUOMfQkyoiw6prEx4N7tttxo='),(26,1,'4t7H8fL4rM4AJ7RoN6fQjg==','2019-10-14','2019-10-14 18:29:37','5CldZQC7URojttuWIG5O9EjJjEWgAHAF+OKR3rKwj/0qI19fjGfHaYxyB0Pld2wIEEgGhWwhsBF/6kxvUie2LM/9FabIO9hDJr/2Xm1HiM2AUdpaUNxhzZ8EW5KwoyBt9MjUOs6UrFC1kfRDVP5fUOMfQkyoiw6prEx4N7tttxo='),(27,1,'gz8EahaRiLa30tchyS9Jwg==','2019-10-14','2019-10-14 23:03:11','3t/5P2JFIU11EZFOXIHb6xIO7zomnjjLHiTCYJWltiyBXbiz4j9E7fFY+za0OpFBhjNgLfX9jT4rxU7ZnQf78RizQFStMMKI7CiL+lQoEyUbLn+1yGswHnTRaiLIVAzJSe3lFOM6TR4DJBsmuG+sjv0PoZIWt2gi804j6IgQneE='),(28,1,'4t7H8fL4rM4AJ7RoN6fQjg==','2019-10-15','2019-10-15 09:28:57','5CldZQC7URojttuWIG5O9EjJjEWgAHAF+OKR3rKwj/0qI19fjGfHaYxyB0Pld2wIEEgGhWwhsBF/6kxvUie2LM/9FabIO9hDJr/2Xm1HiM2AUdpaUNxhzZ8EW5KwoyBt9MjUOs6UrFC1kfRDVP5fUOMfQkyoiw6prEx4N7tttxo='),(29,1,'4t7H8fL4rM4AJ7RoN6fQjg==','2019-10-15','2019-10-15 15:39:59','5CldZQC7URojttuWIG5O9EjJjEWgAHAF+OKR3rKwj/0qI19fjGfHaYxyB0Pld2wIEEgGhWwhsBF/6kxvUie2LM/9FabIO9hDJr/2Xm1HiM2AUdpaUNxhzZ8EW5KwoyBt9MjUOs6UrFC1kfRDVP5fUOMfQkyoiw6prEx4N7tttxo='),(30,1,'4t7H8fL4rM4AJ7RoN6fQjg==','2019-10-16','2019-10-16 09:44:06','5CldZQC7URojttuWIG5O9EjJjEWgAHAF+OKR3rKwj/0qI19fjGfHaYxyB0Pld2wIEEgGhWwhsBF/6kxvUie2LM/9FabIO9hDJr/2Xm1HiM2AUdpaUNxhzZ8EW5KwoyBt9MjUOs6UrFC1kfRDVP5fUOMfQkyoiw6prEx4N7tttxo='),(31,1,'4t7H8fL4rM4AJ7RoN6fQjg==','2019-10-16','2019-10-16 11:57:57','5CldZQC7URojttuWIG5O9EjJjEWgAHAF+OKR3rKwj/0qI19fjGfHaYxyB0Pld2wIEEgGhWwhsBF/6kxvUie2LM/9FabIO9hDJr/2Xm1HiM2AUdpaUNxhzZ8EW5KwoyBt9MjUOs6UrFC1kfRDVP5fUOMfQkyoiw6prEx4N7tttxo='),(32,1,'4t7H8fL4rM4AJ7RoN6fQjg==','2019-10-16','2019-10-16 13:53:22','5CldZQC7URojttuWIG5O9EjJjEWgAHAF+OKR3rKwj/0qI19fjGfHaYxyB0Pld2wIEEgGhWwhsBF/6kxvUie2LM/9FabIO9hDJr/2Xm1HiM2AUdpaUNxhzZ8EW5KwoyBt9MjUOs6UrFC1kfRDVP5fUOMfQkyoiw6prEx4N7tttxo='),(33,1,'4t7H8fL4rM4AJ7RoN6fQjg==','2019-10-16','2019-10-16 16:08:05','5CldZQC7URojttuWIG5O9EjJjEWgAHAF+OKR3rKwj/0qI19fjGfHaYxyB0Pld2wIEEgGhWwhsBF/6kxvUie2LM/9FabIO9hDJr/2Xm1HiM2AUdpaUNxhzZ8EW5KwoyBt9MjUOs6UrFC1kfRDVP5fUOMfQkyoiw6prEx4N7tttxo='),(34,1,'4t7H8fL4rM4AJ7RoN6fQjg==','2019-10-17','2019-10-17 11:35:27','5CldZQC7URojttuWIG5O9EjJjEWgAHAF+OKR3rKwj/0qI19fjGfHaYxyB0Pld2wIEEgGhWwhsBF/6kxvUie2LM/9FabIO9hDJr/2Xm1HiM2AUdpaUNxhzZ8EW5KwoyBtjdVpRxXHg7vf9WsaAPgoEmtc60N7G3nwFfhmwmH7E7k='),(35,1,'4t7H8fL4rM4AJ7RoN6fQjg==','2019-10-17','2019-10-17 18:23:51','5CldZQC7URojttuWIG5O9EjJjEWgAHAF+OKR3rKwj/0qI19fjGfHaYxyB0Pld2wIEEgGhWwhsBF/6kxvUie2LM/9FabIO9hDJr/2Xm1HiM2AUdpaUNxhzZ8EW5KwoyBtjdVpRxXHg7vf9WsaAPgoEmtc60N7G3nwFfhmwmH7E7k='),(36,1,'4t7H8fL4rM4AJ7RoN6fQjg==','2019-10-17','2019-10-17 18:29:09','5CldZQC7URojttuWIG5O9EjJjEWgAHAF+OKR3rKwj/0qI19fjGfHaYxyB0Pld2wIEEgGhWwhsBF/6kxvUie2LM/9FabIO9hDJr/2Xm1HiM2AUdpaUNxhzZ8EW5KwoyBtjdVpRxXHg7vf9WsaAPgoEmtc60N7G3nwFfhmwmH7E7k=');
/*!40000 ALTER TABLE `th_admin_access_ip` ENABLE KEYS */;
UNLOCK TABLES;

--
-- Table structure for table `th_coupon`
--

DROP TABLE IF EXISTS `th_coupon`;
/*!40101 SET @saved_cs_client     = @@character_set_client */;
/*!40101 SET character_set_client = utf8 */;
CREATE TABLE `th_coupon` (
  `idx` int(11) unsigned NOT NULL AUTO_INCREMENT COMMENT 'th_coupon.idx PK',
  `issue_type` enum('구매','판매') NOT NULL COMMENT '쿠폰발행타입',
  `sell_item_idx` int(11) unsigned NOT NULL COMMENT 'th_sell_item.idx FK',
  `subject` varchar(255) NOT NULL COMMENT '쿠폰 이름',
  `item_money` mediumint(6) NOT NULL COMMENT '상품권 및 수수료 금액',
  `discount_rate` tinyint(3) NOT NULL COMMENT ' 할인율',
  `discount_mileage` mediumint(6) NOT NULL COMMENT '할인을 받아서 내야 하는 금액',
  `issue_date` date NOT NULL COMMENT '발행일자',
  `start_date` date NOT NULL COMMENT '쿠폰 시작일자',
  `expiration_date` date NOT NULL COMMENT '쿠폰 종료일자',
  `is_del` char(1) NOT NULL DEFAULT 'N' COMMENT '삭제여부',
  PRIMARY KEY (`idx`),
  KEY `sell_item_idx` (`sell_item_idx`),
  KEY `start_date` (`start_date`),
  KEY `expiration_date` (`expiration_date`),
  KEY `type` (`issue_type`)
) ENGINE=InnoDB AUTO_INCREMENT=16 DEFAULT CHARSET=utf8mb4 COMMENT='쿠폰 리스트';
/*!40101 SET character_set_client = @saved_cs_client */;

--
-- Dumping data for table `th_coupon`
--

LOCK TABLES `th_coupon` WRITE;
/*!40000 ALTER TABLE `th_coupon` DISABLE KEYS */;
INSERT INTO `th_coupon` VALUES (1,'구매',5,'신규회원 구매 100% 구매 할인 쿠폰!',0,100,0,'2019-10-07','2019-10-07','2025-10-07','N'),(2,'판매',5,'신규회원 판매 100% 판매 할인 쿠폰!',0,100,0,'2019-10-07','2019-10-07','2025-10-07','N'),(3,'구매',4,'스마트 문화상품권 7일간 50% 구매할인A ',0,50,0,'2019-10-07','2019-10-07','2019-10-14','Y'),(4,'구매',4,'스마트 문화상품권 7일간 30% 구매할인B',0,30,0,'2019-10-07','2019-10-07','2019-10-14','Y'),(5,'판매',2,'도서상품권 4일간 40% 판매할인',0,40,0,'2019-10-07','2019-10-07','2019-10-11','Y'),(6,'판매',2,'도서상품권 3일간 100% 판매할인A ',0,100,0,'2019-10-07','2019-10-07','2019-10-10','Y'),(7,'판매',2,'도서상품권 5일간 100% 판매할인B',0,100,0,'2019-10-07','2019-10-07','2019-10-12','Y'),(8,'구매',4,'스마트 문화상품권 7일간 100% 구매할인C',0,100,0,'2019-10-07','2019-10-07','2019-10-14','Y'),(9,'구매',5,'오늘만 진행하는 무료 쿠폰!!',0,100,0,'2019-10-08','2019-10-07','2019-10-07','Y'),(10,'구매',5,'오늘만 무료쿠폰 진행! 언능해요!',0,100,0,'2019-10-10','2019-10-10','2019-10-10','Y'),(11,'구매',5,'10월 2주차! 금요일 특별할인쿠폰 제공!',0,100,0,'2019-10-11','2019-10-11','2019-10-11','Y'),(12,'판매',5,'수수료 100% 할인 이벤트(~10/18)',0,100,0,'2019-10-15','2019-10-15','2019-10-18','Y'),(13,'판매',1,'해피머니상품권 할인 이벤트(~10/18)',0,35,0,'2019-10-15','2019-10-15','2019-10-18','Y'),(14,'판매',3,'문화상품권 판매 할인 이벤트(~10/18)',0,45,0,'2019-10-15','2019-10-15','2019-10-18','Y'),(15,'판매',1,'해피머니 상품권 할인 이벤트(~10/18)',5000,20,1000,'2019-10-15','2019-10-15','2019-10-18','Y');
/*!40000 ALTER TABLE `th_coupon` ENABLE KEYS */;
UNLOCK TABLES;

--
-- Table structure for table `th_coupon_member`
--

DROP TABLE IF EXISTS `th_coupon_member`;
/*!40101 SET @saved_cs_client     = @@character_set_client */;
/*!40101 SET character_set_client = utf8 */;
CREATE TABLE `th_coupon_member` (
  `idx` int(11) unsigned NOT NULL AUTO_INCREMENT COMMENT 'th_coupon_member.idx PK',
  `issue_type` enum('구매','판매') NOT NULL COMMENT '발행타입',
  `coupon_idx` int(11) unsigned NOT NULL COMMENT 'th_coupon.idx FK',
  `sell_item_idx` int(11) unsigned NOT NULL COMMENT 'th_sell_item.idx FK',
  `member_idx` int(11) unsigned NOT NULL COMMENT 'th_members.idx FK',
  `subject` varchar(255) NOT NULL COMMENT '쿠폰 이름',
  `discount_rate` tinyint(3) NOT NULL COMMENT '할인율',
  `item_money` mediumint(6) NOT NULL COMMENT '상품권 가격',
  `coupon_status` int(11) NOT NULL COMMENT '쿠폰상태 th_coupon_status_code.idx FK',
  `is_coupon_del` char(1) NOT NULL DEFAULT 'N' COMMENT '쿠폰 삭제여부(th_coupon.is_del)',
  `is_del` char(1) NOT NULL DEFAULT 'N' COMMENT '사용자에게 지급된 쿠폰 삭제',
  PRIMARY KEY (`idx`),
  KEY `coupon_idx` (`coupon_idx`),
  KEY `sell_item_idx` (`sell_item_idx`),
  KEY `member_idx` (`member_idx`),
  KEY `subject` (`subject`),
  KEY `item_money` (`item_money`),
  KEY `coupon_status` (`coupon_status`)
) ENGINE=InnoDB AUTO_INCREMENT=22 DEFAULT CHARSET=utf8 COMMENT='유저별 쿠폰 지급  정보';
/*!40101 SET character_set_client = @saved_cs_client */;

--
-- Dumping data for table `th_coupon_member`
--

LOCK TABLES `th_coupon_member` WRITE;
/*!40000 ALTER TABLE `th_coupon_member` DISABLE KEYS */;
INSERT INTO `th_coupon_member` VALUES (1,'판매',2,5,1,'신규회원 판매 100% 판매 할인 쿠폰!',100,0,1,'N','Y'),(2,'구매',10,5,1,'오늘만 무료쿠폰 진행! 언능해요!',100,0,2,'Y','N'),(3,'판매',2,5,2,'신규회원 판매 100% 판매 할인 쿠폰!',100,0,2,'N','N'),(4,'구매',1,5,3,'신규회원 구매 100% 구매 할인 쿠폰!',100,0,1,'N','Y'),(5,'판매',2,5,3,'신규회원 판매 100% 판매 할인 쿠폰!',100,0,2,'N','N'),(6,'구매',1,5,1,'신규회원 구매 100% 구매 할인 쿠폰!',100,0,1,'N','Y'),(7,'판매',2,5,6,'신규회원 판매 100% 판매 할인 쿠폰!',100,0,2,'N','N'),(8,'판매',7,2,6,'도서상품권 5일간 100% 판매할인B',100,0,1,'Y','Y'),(9,'구매',1,5,1,'신규회원 구매 100% 구매 할인 쿠폰!',100,0,1,'N','Y'),(10,'구매',1,5,1,'신규회원 구매 100% 구매 할인 쿠폰!',100,0,1,'N','Y'),(11,'구매',11,5,1,'10월 2주차! 금요일 특별할인쿠폰 제공!',100,0,2,'N','N'),(12,'판매',2,5,8,'신규회원 판매 100% 판매 할인 쿠폰!',100,0,2,'N','N'),(13,'구매',1,5,2,'신규회원 구매 100% 구매 할인 쿠폰!',100,0,2,'N','N'),(14,'판매',2,5,10,'신규회원 판매 100% 판매 할인 쿠폰!',100,0,1,'N','N'),(15,'구매',1,5,10,'신규회원 구매 100% 구매 할인 쿠폰!',100,0,1,'N','N'),(16,'판매',15,1,10,'해피머니 상품권 할인 이벤트(~10/18)',20,5000,1,'N','N'),(17,'판매',13,1,10,'해피머니상품권 할인 이벤트(~10/18)',35,0,1,'N','N'),(18,'판매',12,5,10,'수수료 100% 할인 이벤트(~10/18)',100,0,2,'N','N'),(19,'판매',2,5,9,'신규회원 판매 100% 판매 할인 쿠폰!',100,0,1,'N','Y'),(20,'판매',12,5,9,'수수료 100% 할인 이벤트(~10/18)',100,0,1,'N','Y'),(21,'구매',1,5,9,'신규회원 구매 100% 구매 할인 쿠폰!',100,0,2,'N','N');
/*!40000 ALTER TABLE `th_coupon_member` ENABLE KEYS */;
UNLOCK TABLES;

--
-- Table structure for table `th_coupon_status_code`
--

DROP TABLE IF EXISTS `th_coupon_status_code`;
/*!40101 SET @saved_cs_client     = @@character_set_client */;
/*!40101 SET character_set_client = utf8 */;
CREATE TABLE `th_coupon_status_code` (
  `idx` int(10) unsigned NOT NULL AUTO_INCREMENT COMMENT 'th_coupon_status_code.idx PK',
  `coupon_status_order` int(10) unsigned NOT NULL COMMENT '쿠폰 상태 순서',
  `coupon_status_name` varchar(30) NOT NULL COMMENT '쿠폰상태명',
  PRIMARY KEY (`idx`),
  KEY `coupon_status_name` (`coupon_status_name`)
) ENGINE=InnoDB AUTO_INCREMENT=3 DEFAULT CHARSET=utf8 COMMENT='쿠폰 상태 코드 테이블';
/*!40101 SET character_set_client = @saved_cs_client */;

--
-- Dumping data for table `th_coupon_status_code`
--

LOCK TABLES `th_coupon_status_code` WRITE;
/*!40000 ALTER TABLE `th_coupon_status_code` DISABLE KEYS */;
INSERT INTO `th_coupon_status_code` VALUES (1,1,'사용대기'),(2,2,'사용완료');
/*!40000 ALTER TABLE `th_coupon_status_code` ENABLE KEYS */;
UNLOCK TABLES;

--
-- Table structure for table `th_coupon_useage`
--

DROP TABLE IF EXISTS `th_coupon_useage`;
/*!40101 SET @saved_cs_client     = @@character_set_client */;
/*!40101 SET character_set_client = utf8 */;
CREATE TABLE `th_coupon_useage` (
  `idx` int(11) unsigned NOT NULL AUTO_INCREMENT COMMENT 'th_coupon_useage.idx PK',
  `issue_type` enum('구매','판매') NOT NULL COMMENT '구분(구매, 판매)',
  `dealings_idx` int(11) unsigned NOT NULL COMMENT 'th_dealings.idx FK',
  `coupon_idx` int(11) unsigned NOT NULL COMMENT 'th_coupon.idx',
  `coupon_member_idx` int(11) unsigned NOT NULL COMMENT 'th_coupon_member.idx PK',
  `member_idx` int(11) unsigned NOT NULL COMMENT 'th_members.idx FK',
  `coupon_use_before_mileage` mediumint(6) NOT NULL COMMENT '쿠폰 사용하기전에 지불해야 하는 수수료/거래금액',
  `coupon_use_mileage` mediumint(6) NOT NULL COMMENT '쿠폰 사용해서 지불해야 하는 수수료/거래금액',
  `coupon_use_start_date` date NOT NULL COMMENT '쿠폰 사용 전 금액',
  `coupon_use_end_date` date DEFAULT NULL COMMENT '쿠폰을 완료일자(거래 완료 및 쿠폰유효기간 초과시 입력)',
  `is_refund` char(1) DEFAULT 'N' COMMENT '환불여부',
  PRIMARY KEY (`idx`),
  KEY `coupon_idx` (`coupon_idx`),
  KEY `member_idx` (`member_idx`),
  KEY `type` (`issue_type`),
  KEY `dealings_idx` (`dealings_idx`),
  KEY `coupon_use_start_date` (`coupon_use_start_date`),
  KEY `coupon_member_idx` (`coupon_member_idx`),
  KEY `coupon_use_end_date` (`coupon_use_end_date`)
) ENGINE=InnoDB AUTO_INCREMENT=11 DEFAULT CHARSET=utf8 COMMENT='쿠폰 사용내역';
/*!40101 SET character_set_client = @saved_cs_client */;

--
-- Dumping data for table `th_coupon_useage`
--

LOCK TABLES `th_coupon_useage` WRITE;
/*!40000 ALTER TABLE `th_coupon_useage` DISABLE KEYS */;
INSERT INTO `th_coupon_useage` VALUES (1,'구매',1,2,2,1,100000,0,'2019-10-10','2019-10-10','N'),(2,'판매',5,2,3,2,18000,18000,'2019-10-10','2019-10-10','N'),(3,'판매',6,2,5,3,18000,18000,'2019-10-10','2019-10-10','N'),(4,'구매',27,4,4,3,100000,0,'2019-10-10','2019-10-10','Y'),(5,'판매',39,2,7,6,18000,18000,'2019-10-11','2019-10-11','N'),(6,'구매',40,11,11,1,100000,0,'2019-10-11',NULL,'N'),(7,'판매',57,2,12,8,9000,9000,'2019-10-14','2019-10-14','N'),(8,'구매',57,13,13,2,50000,0,'2019-10-14',NULL,'N'),(9,'판매',70,12,18,10,5000,5000,'2019-10-15','2019-10-15','N'),(10,'구매',77,21,21,9,100000,0,'2019-10-15',NULL,'N');
/*!40000 ALTER TABLE `th_coupon_useage` ENABLE KEYS */;
UNLOCK TABLES;

--
-- Table structure for table `th_dealings`
--

DROP TABLE IF EXISTS `th_dealings`;
/*!40101 SET @saved_cs_client     = @@character_set_client */;
/*!40101 SET character_set_client = utf8 */;
CREATE TABLE `th_dealings` (
  `idx` int(11) unsigned NOT NULL AUTO_INCREMENT COMMENT 'th_dealings.PK',
  `dealings_type` enum('구매','판매') NOT NULL COMMENT 'th_dealings_code.idx FK 거래종류(판매/구매) ',
  `register_date` date NOT NULL COMMENT '거래등록일시',
  `expiration_date` date NOT NULL COMMENT '거래글 삭제일',
  `dealings_subject` varchar(80) NOT NULL COMMENT '거래제목',
  `dealings_content` text NOT NULL COMMENT '거래내용',
  `writer_idx` int(11) unsigned NOT NULL COMMENT '거래작성자 고유번호 th_members.idx',
  `item_no` int(11) unsigned NOT NULL COMMENT 'th_sell_item.idx FK',
  `item_money` int(11) NOT NULL COMMENT '판매물품금액',
  `item_object_no` varchar(150) DEFAULT NULL COMMENT '거래물품의 고유번호',
  `dealings_mileage` int(11) NOT NULL COMMENT '실제 거래하는 마일리지 ',
  `dealings_commission` int(11) NOT NULL COMMENT '거래 시 발생하는 수수료',
  `dealings_status` int(11) unsigned NOT NULL COMMENT '거래 처리상태 th_dealings_status_code.idx FK',
  `is_del` char(1) NOT NULL DEFAULT 'N' COMMENT '거래게시글 삭제여부(디폴트는 삭제안함)',
  `memo` varchar(100) DEFAULT NULL COMMENT '비고 ',
  PRIMARY KEY (`idx`),
  KEY `dealings_status` (`dealings_status`),
  KEY `expiration_date` (`expiration_date`),
  KEY `register_date` (`register_date`),
  KEY `dealings_writer_no` (`writer_idx`),
  KEY `sell_item_no` (`item_no`),
  KEY `dealings_object_no` (`item_object_no`),
  KEY `dealings_subject` (`dealings_subject`),
  KEY `dealings_type` (`dealings_type`)
) ENGINE=InnoDB AUTO_INCREMENT=90 DEFAULT CHARSET=utf8mb4 COMMENT='판매와 구매를 등록 할 수 있는 거래 테이블';
/*!40101 SET character_set_client = @saved_cs_client */;

--
-- Dumping data for table `th_dealings`
--

LOCK TABLES `th_dealings` WRITE;
/*!40000 ALTER TABLE `th_dealings` DISABLE KEYS */;
INSERT INTO `th_dealings` VALUES (1,'구매','2019-10-10','2019-10-15','스마트문화상품권 100,000원 삽니다!!','ㄹㅇㄹㄴㅇ런이ㅏ렁ㄴ린어ㅏ렁니리언리ㅓㅇㄴ리ㅓㅇㄴ렁ㄴ',1,4,10000,NULL,100000,18,4,'N','장난치지마세요'),(2,'구매','2019-10-10','2019-10-15','스마트문화상품권 50,000원 삽니당~~~ㄹㄹㅇㄴㄴㅇㄹㅇㄴㄹㄴ','연락을 주시오 러이런ㄹ너ㅏㅣ럼ㄴ럼ㅇㄹ ㅎ허 ㅎ허ㅏㄹ허^^',1,4,50000,NULL,50000,18,4,'N','장난치지마세요'),(3,'판매','2019-10-10','2019-10-15','도서상품권 50,000원 팝니다~~','ㄹㄴㄹㅇㄹㄴㄹㅇㄹㄴㅇㄹㄴㅇㄹㅇㄴㄹㄴㅇㄹㄴㅇ',2,2,50000,'lJ/4qwTFIZGDxzhoFYie+49BkBoutzSbLEjMXQjwXwk=',9000,10,4,'N','장난치지마세요'),(4,'판매','2019-10-10','2019-10-15','해피머니상품권 50,000원 팝니다~ㄹㅇ너','러ㅏㅣㅇㄴ런리ㅏㅓ니런알ㄴ이ㅓㄹㄴ얼ㄴ얼ㄴ어란ㅇ',2,1,50000,'lJ/4qwTFIZGDxzhoFYie+49BkBoutzSbLEjMXQjwXwk=',50000,5,4,'N','ㄹㄴㅇㄹㄴㅇㄹㄴㅇㄹㄴㅇ'),(5,'판매','2019-10-10','2019-10-15','스마트문화상품권 100,000원 팝니다~','ㄹㄴㄹㄴㄹㄴㅇㄹㄴㄹㄴ얼어ㅏ니러아싸 수수료 무료 ㅋㅋ',2,4,100000,'OFCgnK4fQ4k9Wrp/guvzOGwDMnlbf0p0PfUP65GeqDQ=',100000,18,4,'N','착한사람만!'),(6,'판매','2019-10-10','2019-10-15','스마트문화상품권 판매해요~~~ㄹㄴㅇㄹㄴㅇㄹㄴㅇ','러ㅣㅇㄹ너리나러ㅣㄴㅇㄹ너ㅏㅇㄹ너이런',3,4,100000,'VkjOwnfk02XwbWJ40pCIKB/xznqIcdc9PKojjJQLCVA=',100000,18,4,'N','ㄹㄴㅇㄹㄴㅇㄹㄴㅇㄹㄴㅇㄹㄴㅇㄹ'),(7,'구매','2019-10-10','2019-10-15','문화상품권 50,000원 사요~','리ㅏㄴㅇ러닐ㄴㅇ런ㅇ런ㅇ런어ㅏㅣㄹㄴ얼',3,3,50000,NULL,50000,11,4,'N','ㄹㄴㅇㄹㅇㄴㄹ'),(8,'판매','2019-10-10','2019-10-15','해피머니상품권 100,000원 팔아요~~ㄹㅇㄹㄴㄹㄴㅇㄹ','ㄹㄴㅇㄹㄷㄴㄹㄴㅇㄹㅇㄴㄹㄴㅇㄹ',3,1,100000,'lJ/4qwTFIZGDxzhoFYie+49BkBoutzSbLEjMXQjwXwk=',100000,5,4,'N','ㄹㄴㅇㄹㄴㅇㄹㄴㅇㄹㅇㄴㄹㅇㄴ'),(9,'판매','2019-10-10','2019-10-15','스마트문화상품권 팝니다 `~런ㅇㄹ너ㅣ알ㄴ어ㅏㅣ나ㅓㅣ러ㅏㄴㅇ말티','ㄹㅇ닐너ㅣㅏㄹ아ㅓㅣ말티즈말티즈',3,4,100000,'lJ/4qwTFIZGDxzhoFYie+49BkBoutzSbLEjMXQjwXwk=',100000,18,4,'N','ㄹㅇ너ㅣ러ㅏㄴㅇ러ㅣㄴㅇ러'),(10,'판매','2019-10-10','2019-10-15','해피머니상품권 100,000원 판매합니다~런이러','러ㅣㅏㄴㅇ러ㅏㄴ리ㅓㄴㅇ러ㅏㄴㅇ라ㅓ',3,1,100000,'lJ/4qwTFIZGDxzhoFYie+49BkBoutzSbLEjMXQjwXwk=',100000,5,4,'N','ㄹㅇㄹㅇㄴㄹㄴㅇ'),(11,'판매','2019-10-10','2019-10-15','스마트문화상품권 100,000원 판매합니다','러ㅣㅏㄴㅇ런리ㅏㅓㅇ너ㅏㅣㄴㅇ러ㅣㄴ',5,4,100000,'lJ/4qwTFIZGDxzhoFYie+49BkBoutzSbLEjMXQjwXwk=',100000,18,4,'N','ㄹㄴㅇㄹㄴㅇㄹㅇㄴ'),(12,'판매','2019-10-10','2019-10-15','스마트문화상품권 판매합니다.','ㄴㄹㅇㄹㄴㅇㄹㄴㅇㄹㄴㅇㄹㄴㅇ',5,4,100000,'lJ/4qwTFIZGDxzhoFYie+49BkBoutzSbLEjMXQjwXwk=',100000,18,4,'N','ㄹㄴㄹㄴㅇㄹㅇㄹㅇㄹ'),(13,'판매','2019-10-10','2019-10-15','문화상품권 100000원 팝니다','린어린ㅇ런ㅇ러ㅏㄴㅇ',5,3,100000,'lJ/4qwTFIZGDxzhoFYie+49BkBoutzSbLEjMXQjwXwk=',100000,11,4,'N','ㄹㅇㄴㄹㄴㅇㄹㄴㅇㄹㄴㅇㄴㅇ'),(14,'구매','2019-10-10','2019-10-15','스마트문화상품권 100000원 구매합니다','ㄹㄴㅇㄹㄴㅇㄹㄴㄹㅇㄹㄴㅇㄹㄴ',8,4,100000,NULL,100000,18,4,'N','ㄹㄴㅇㄹㄴㅇㄹㅇㄴㄹㄴㅇ'),(15,'구매','2019-10-10','2019-10-15','스마트문화상품권 100000원 구매합니다','런리니ㅓㄹㄴ얼ㄴ어ㅣㄹ',8,4,100000,NULL,100000,18,4,'N','ㄹㅇㄴㄴㅇㄹㄹㄴㅇㄹㄴㅇㅇㄴㄹㅇㄴ'),(16,'구매','2019-10-10','2019-10-15','도서상품권 100000원 삽니당 ㄹㄴ어ㅣ러ㅣㅏㄴㅇㄹ니ㅏㅓㅇㄹ넝ㄹ얼ㄴ아ㅣㅓㄹㄴ어ㅏㄹ','리ㅓㅏㄴㅇ리ㅓㅏㄴㅇ러ㅏㄴㅇ라ㅓㅇ러ㅏㄴㅇ',8,2,100000,NULL,100000,10,4,'N','ㄹㄴㄹㅇㄹㄴㅇㄹㄴㅇ'),(17,'판매','2019-10-10','2019-10-15','스마트문화상품권 100000원 판매합니다 러이라ㅓㄴ러ㅏㄴㅇ러ㅏㄴ','ㅓㄹㅇㄴ리ㅏㄴㅇ러ㅣㄴㅇ러ㅏㄴㅇ러ㅏㄴ',7,4,100000,'OFCgnK4fQ4k9Wrp/guvzOGwDMnlbf0p0PfUP65GeqDQ=',100000,18,4,'N','ㄹㄴㅇㄹㄴㄹㅇㄹㄴㅇㄹ'),(18,'판매','2019-10-10','2019-10-15','해피머니상품권 100000원 팝니다.','ㅇㄹㄹㅇㅎㅇㅀㅇㅀㅇㅀㅇㄹ',7,1,100000,'OFCgnK4fQ4k9Wrp/guvzOGwDMnlbf0p0PfUP65GeqDQ=',100000,5,4,'N','ㅎㅇㅎㅀㅇㅀㅀ'),(19,'판매','2019-10-10','2019-10-15','스마트문화상품권 50000원 팝니다','ㄹㄴㅇㄹㄴㅇㄹㄴㅇㄹㄴㅇㄹㄴㅇㄹㄴㅇㄹ',6,4,100000,'OFCgnK4fQ4k9Wrp/guvzOGwDMnlbf0p0PfUP65GeqDQ=',50000,18,4,'N','ㄹㅇㄴㄹㅇㄹㄴㅇㄹㅇㄹ'),(20,'판매','2019-10-10','2019-10-15','스마트문화상품권 50,000원 팝니다','리언ㄹㅇ러ㅣㅏㄴㅇ리ㅓㄴ이란ㅇ러ㅏㅣㄴ',6,4,50000,'lJ/4qwTFIZGDxzhoFYie+49BkBoutzSbLEjMXQjwXwk=',50000,18,4,'N','ㄹㄴㅇㄹㄴㅇㄹㅇㄹ'),(21,'판매','2019-10-10','2019-10-15','스마트문화상품권 팝니다 ','런이런ㅇ린아ㅓㄹ너알너알ㄴㄹㅇㄹㅇㄴㅇㄴㄹ',1,4,100000,'lJ/4qwTFIZGDxzhoFYie+49BkBoutzSbLEjMXQjwXwk=',100000,18,4,'N','ㄹㅇㄹㄴㄹㅇㄹㄴㅇ'),(22,'판매','2019-10-10','2019-10-15','스마트문화상품권 팝니당 러아ㅣㄴ러나러ㅣㅏㄴㅇ','러ㅏ인러ㅏㄴ리ㅏㅓㄴㅇ러ㅏㄴㅇ러니ㅏㅇ',8,4,100000,'lJ/4qwTFIZGDxzhoFYie+49BkBoutzSbLEjMXQjwXwk=',100000,18,4,'N','ㄹㅇㄴㄹㅇㄹㄴㅇㄴ'),(23,'판매','2019-10-10','2019-10-15','스마트문화상품권 100000원 판매합니다','ㄹㄴㅇㄹㄴㄴㅇㄹㄴㅇㄹㄴㅇㄴㅇㄹ',8,4,100000,'OFCgnK4fQ4k9Wrp/guvzOGwDMnlbf0p0PfUP65GeqDQ=',100000,18,4,'N','ㄹㄴㅇㄹㄴㅇㄹㄴㅇㄴㅇㄹㄴ'),(24,'판매','2019-10-10','2019-10-15','해피머니상품권팔아요~ㄹㅇ너라ㅣㄴ러ㅣㅏㄴㅇ러ㅏㅣㄴㅇㄹ너이ㅏㄹ너라ㅣㅓㄹ','ㄹ어ㅏㄴ러ㅏㄴ이ㅏㄴ러ㅏㄴㄹㄴㄹㅇㄴ',8,1,100000,'lJ/4qwTFIZGDxzhoFYie+49BkBoutzSbLEjMXQjwXwk=',100000,5,4,'N','ㄹㄴㅇㄹㄴㅇㄹㅇㄴㄹㅇㄴ'),(25,'판매','2019-10-10','2019-10-15','문화상품권 100,000원 판매해요!!!!!!!!','ㅁㄹㅇㄹㄴㄹㄴㅇㄹㄴㄹㄴㅇㄹㄴㅇㄹ',10,4,100000,'VkjOwnfk02XwbWJ40pCIKB/xznqIcdc9PKojjJQLCVA=',100000,18,4,'N','ㄹㅇㄴㄹㄴㅇㄹㄴㅇㄹㅇㄴㄹ'),(26,'판매','2019-10-10','2019-10-15','해피머니상품권 팔아요!!!!!!!','100000원!!!!!!!!!대박대박!!!!!!!!!!!!!!오오오오 구구구굿구굿!!',10,1,100000,'OFCgnK4fQ4k9Wrp/guvzOGwDMnlbf0p0PfUP65GeqDQ=',100000,5,4,'N','장난치지마세요'),(27,'판매','2019-10-10','2019-10-15','도서상품권 100,000원 팔아요~~~~~','빠른구매부탁드려용~~~~~~~~렁ㄴ리ㅏㄴㅇ러ㅏㄴ라ㅓㅣ 돈벌어야되요 ㅠㅠ 럴ㅇ흐흐그흑허헉흑',10,2,100000,'XDxkeCS2Jtcbp32pjvss9Mzdls0jkHfz1+zwBt0sfWk=',100000,10,5,'N','ㄹㄴㅇㄹㄴㅇㄹㄹㄴㅇㄹㄴㄹㄴㅇㄹ말티말티 수원수원'),(28,'판매','2019-10-10','2019-10-15','(김진휘 판매) 해피머니상품권 팔아요~~ㄹㅇㅇㄹㅇ','ㄹㄴㄹㄴㅇㄹㄴㅇㄹㄴㅇㄹㄴㅇㄹㄴㅇㄹㅇㄴㄹㄴㅇㄹㄴㅇㄹㄴㅇㄹㄴㅇ',3,1,50000,'lJ/4qwTFIZGDxzhoFYie+49BkBoutzSbLEjMXQjwXwk=',50000,5,4,'N','장난치지마세요'),(29,'구매','2019-10-10','2019-10-15','문화상품권 50,000원 사요~ㄹㅇㄹㅇㄹㄴㄹㄴㅇㄹㅇㄴ','ㄹㄴㅇㄹㄴㅇㄹㄴㅇㄹㄴㅇㄹㄴㅇㄹㄴㅇㄹㄴㅇㄹㄴㅇㄹㅇㄴ',2,3,50000,NULL,50000,11,4,'N','ㄹㅇㄴㄹㄴㅇㄹㄴㄹ'),(30,'구매','2019-10-10','2019-10-15','스마트문화상품권 100,000원 삽니다 (1)','ㄹㅇㄴㄹㄴㄹㄴㄹㄴㅇㄹㄴㅇㄹㄴㅇㄹㄴ3323232323빨리',3,4,100000,NULL,100000,18,4,'N','ㄹㅇㄹㄴㄹㄴㅇㄹㄴㅇㄹㄴㅇㄹㄴㅇ'),(31,'구매','2019-10-10','2019-10-15','스마트문화상품권 100,000원 삽니다 (2)','ㄹㄴ어린얼ㄴ얼ㄴ어ㅏㄹㄴ어ㅏㄹㄴ어ㅏㄹㄴ얼ㄴ얼ㄴ아ㅓㄹㄴ이ㅓㅏㄹㅇㄴ',3,4,100000,NULL,100000,18,4,'N','ㄹㄴㄹㅇㄴㄹㄴㅇㄹㄴㅇㄹㄴㅇㄹㄴㅇ'),(32,'구매','2019-10-10','2019-10-15','스마트문화상품권 100,000원 삽니다 (3)','니ㅏ러낭;ㄹ널너이ㅏ;ㄹㄴ어ㅏ리;ㄴ어ㅣ란어ㅏㄹ;ㅣㄴㅇ러ㅏㄴㅇ러ㅏㄴㅇ',3,4,100000,NULL,100000,18,4,'N','ㄹㄴㅇㄹㅇㄴㄹㅇㄹㅇㄹㅇㄹ'),(33,'구매','2019-10-10','2019-10-15','스마트문화상품권 100,000원 삽니다 (4)','ㅓ라ㅣ어ㅣㄹ멂이;ㅏㄹ얼ㄴ;ㅏㅣ런아리넝ㄹㄴㅇ러ㅏㄴㅇ',3,4,100000,NULL,100000,18,4,'N','너린아런일너ㅏㄹㄴ어린어ㅏㄹ너알'),(34,'구매','2019-10-10','2019-10-15','스마트문화상품권 100,000원 삽니다 (5)','fksjdflkjsdfjsdfljksdfjsdklfj러ㅏㄴ이러나이러fdfjskdflsdjkfsdjlkfㄹ어ㅏㄹ얼ㅇ',3,4,100000,NULL,100000,18,4,'N','ㄹㄴㅇㄹㄴㅇㄹㄴㅇㄹㄴㅇㄹㄴㅇㄹㄴ어리ㅏㅓ1212102910ㅓㄹ이러ㅏㄴ러ㅏ'),(35,'구매','2019-10-10','2019-10-15','스마트문화상품권 100,000원 삽니다 (6)','ㄹㄴ이ㅏㄹ너ㅣ랑니ㅏ너ㅣ니ㅓㅏ리ㅓ알ㄴ어ㅏㅣㄹ너아ㅣㄹㅇ러ㅏㅏㅓ일넝',3,4,100000,NULL,100000,18,4,'N','ㄹ너이ㅏㄹ너ㅏㅣㄹ니ㅓㅏㄹ니ㅏㅓㄹ니ㅓ아러말티말티'),(36,'판매','2019-10-10','2019-10-15','스마트문화상품권 팔아용~ㄹㅇㄴ러ㅣㄴ렁ㄴ러ㅏㅣ','리ㅓㄴㅇ러ㅏㄴㅇ러ㅣㅏㅇ393029032ㅓㄹㄴ이러너ㅣㄹㄴ얼',8,4,100000,'VkjOwnfk02XwbWJ40pCIKB/xznqIcdc9PKojjJQLCVA=',100000,18,4,'N','렁니ㅓㄴ러ㅏㅣㄴㄹ나ㅣㅓㄹ너ㅏㅣㄹ니ㅓㅏ;ㄹㄴ어라ㅣ'),(37,'판매','2019-10-11','2019-10-16','스마트문화상품권 100,000원 팔아요~렁리나ㅓㄹ어럴어ㅏ라ㅓㅣㄴㅇ렁ㄴ','라ㅣㅓㅇㄴ런ㅇ리ㅓㅏㄴㄷ러나일;ㅇ널ㄴ;ㅇ러ㅏㅇ2329320ㅓㄹ마얼\'1\'21\'2121\'',6,4,100000,'OFCgnK4fQ4k9Wrp/guvzOGwDMnlbf0p0PfUP65GeqDQ=',100000,18,5,'N','장난치지마세요ㅇㄹㅇㄴㄹㄴㅇㄹㅇㄴㄹ'),(38,'판매','2019-10-11','2019-10-16','스마트문화상품권 100,000원 팔아요~렁리ㅏㅓㄴ러ㅣㅇㄴ라ㅓㄴㅇ','러ㅣㅇㄴ러ㅣㄴㅇ러닝;ㄹ너일ㄴ얼ㄴ어;3293029313ㅓ리ㅏ널ㅇ너',6,4,100000,'OFCgnK4fQ4k9Wrp/guvzOGwDMnlbf0p0PfUP65GeqDQ=',100000,18,4,'N','어ㅣㄹ런;런ㅇ리나;얼2930293ㅓㄹ멍라ㅣㅇㅁ;ㅓㄹ니;ㅓ알92302러ㅏㅣㅇ'),(39,'판매','2019-10-11','2019-10-16','스마트문화상품권 100000원 판매합니다ㅇㅎㅇㅀㅎㅇㄹ','ㅎㄹㅇㅎㅇㅀㅇㅀㅇㅀㅇㅀㅇㅀㅇㅀㅇㅀㅇ4243',6,4,100000,'OFCgnK4fQ4k9Wrp/guvzOGwDMnlbf0p0PfUP65GeqDQ=',100000,18,4,'N','ㄹㄹㅇㄴㄹㄴㄹㅇㄹㅇㄹ'),(40,'판매','2019-10-11','2019-10-16','스마트문화상품권 100,000원 팔아요~~~ㄹㅇㄹㄴㄹㄴㅇㄹㄴㅇㄹ','ㅓ링ㄴㄹㄴ;얼ㄴ;ㅓㅣㅏㄹ;ㄴ어ㅏㅣㄹ너러ㅏㄻ;ㅓ랑;ㅓ라멀;어ㅏㄹ',9,4,100000,'lJ/4qwTFIZGDxzhoFYie+49BkBoutzSbLEjMXQjwXwk=',100000,18,4,'N','ㄹㄴㅇㄹㅇㄹㄴㅇㄹㄴㅇㄹㄴㅇㄹㄴㅇㄹㄴㅇㄹㄴㅇㄹㄴㅇㄹㄴㅇㄹㄴㅇㄹㄴㅇㄹㄴㅇㄹㄴㅇㄹ'),(41,'판매','2019-10-11','2019-10-16','스마트문화상품권 100,000원 팝니다~ㄹㄴㅇㄹㅇㄹㄴㅇㄹㄴㄹㅇㄹ','러ㅏㅇ러ㅏㅣㄴ리ㅓㅏㅇ니라ㅓㄴ리ㅓㅏ;ㅇㄹ;ㅓㅏㄴㅇ러ㅏㅣ;ㄴㅇㄹ',2,4,100000,'OFCgnK4fQ4k9Wrp/guvzOGwDMnlbf0p0PfUP65GeqDQ=',100000,18,5,'N','ㄹ너린ㅇ런이런ㅇ러ㅣㄴ;ㅇ리ㅓㄴㅇ런ㄹ;ㅓㅇㅁ2323013901ㅣㄹ넝러'),(42,'판매','2019-10-11','2019-10-16','스마트문화상품권 100,000원 팝니당~~~~ㅎㅎㅎ^^','러니ㅏㅇ런ㅇ리ㅏ넝ㄹ널ㅇ너ㅏㅣ런아러ㅏ3209392390239러ㅣㅇ머란어ㅏ리',9,4,100000,'OFCgnK4fQ4k9Wrp/guvzOGwDMnlbf0p0PfUP65GeqDQ=',100000,18,6,'Y','장난치지마세요ㄹㄴㅇㄹㄴㄹㅇㄹㄴㅇㄹ홓ㄹㅇㅎ34343434'),(43,'구매','2019-10-11','2019-10-16','스마트문화상품권 100,000원 사요~~~ㅀㅇㄹㄴㅇㅎㅀㄹ','렁닐ㄴ런러ㅏㄴ러ㅏㄴ얼ㅇ너란ㅇ029320392932932ㅓ리널너이ㅏㄹ290329리ㅓㅏㅇ러ㅏㅇ',9,4,100000,NULL,100000,18,6,'Y','ㄹㅇㄴㄹㅇㄹㄴㄹㅇㄴㄹㄴㅇㄹㄴㅇㄹㅇㄴㄴㄹㅇㄴㄹㄴㅇㄹㄴㅇㄹㄴㅇㄹ'),(44,'판매','2019-10-11','2019-10-16','상품권 판매등록상품권 판매등록','상품권 판매등록상품권 판매등록상품권 판매등록',13,1,1000,'Uju6PzOTsSCfP8s8vjH4Zg==',1000,5,6,'Y','상품권 판매등록상품권 판매등록상품권 판매등록'),(45,'판매','2019-10-11','2019-10-16','도서 문화 상품권 상품권 판매등록','도서 문화 상품권 상품권 판매등록',13,2,5000,'6A/6DnZnreb3gnvkN1j51w==',20000,10,6,'Y','도서 문화 상품권 상품권 판매등록'),(46,'판매','2019-10-11','2019-10-16','문화 상품권 상품권 판매등록','문화 상품권 상품권 판매등록',13,3,100000,'4xKvAo9i85GrDHR/9wH04g==',10000,11,6,'Y','문화 상품권 상품권 판매등록문화 상품권 상품권 판매등록'),(47,'판매','2019-10-11','2019-10-16','스마트 문화 상품권 상품권 판매등록','스마트 문화 상품권 상품권 판매등록',13,4,10000,'13Nwk9dgr25Se+kuK9iR3g==',20000,18,6,'Y','스마트 문화 상품권 상품권 판매등록'),(48,'구매','2019-10-11','2019-10-16','스마트 문화 상품권 상품권 구매 등록','스마트 문화 상품권 상품권 구매 등록',13,4,100000,NULL,100000,18,6,'Y','스마트 문화 상품권 상품권 구매 등록'),(49,'구매','2019-10-11','2019-10-16','reddust 문화 상품권 상품권 구매 등록','reddust 문화 상품권 상품권 구매 등록',13,3,50000,NULL,50000,11,6,'Y','reddust 문화 상품권 상품권 구매 등록'),(50,'구매','2019-10-11','2019-10-16','reddust 도서 문화 상품권 상품권 구매 등록','reddust 도서 문화 상품권 상품권 구매 등록',13,2,5000,NULL,10000,10,6,'Y','reddust 도서 문화 상품권 상품권 구매 등록'),(51,'구매','2019-10-11','2019-10-16','reddust 해피머니 상품권 상품권 구매 등록','reddust 해피머니 상품권 상품권 구매 등록',13,1,1000,NULL,50000,5,6,'Y','reddust 해피머니 상품권 상품권 구매 등록'),(52,'구매','2019-10-11','2019-10-16','스마트문화상품권 50,000원 사요~ (이태희)','ㄹㅇㄴㄹㄴㅇㄹㄴㅇㄹㅇㄴㄹㄴㅇㄹㅇㄴㄹㄹㅇㄴ러ㅣㅁ럼렁ㄹㅇ너ㅏㄹ29302390',1,4,50000,NULL,50000,18,4,'N','ㅍㅇㅍㅇㄹ어ㅣㄹ널너러낭런ㄹ너아리ㅓㄹ2930239023920392러ㅣㄴ얼ㅇㄴㄹ'),(53,'구매','2019-10-14','2019-10-19','문상 10000원 팔아요!!!','fsdjfslkjfsdjfsdljfksdfkjsㄹㄴㅇ런ㅇ린얼ㄴ어ㅏㅣㄹㅇㄴfdsjfklsdjfds',2,3,10000,NULL,10000,11,4,'N','착한사람만!'),(54,'구매','2019-10-14','2019-10-19','스마트문화상품권 50,000원 사용~~~~~ ㄹㅇ러ㅣㅇㄴ런ㅇ러ㅣㅏ','러ㅏㅣㄴㅇ러ㅣㄴㅇㄹsdfjklsdfjdsㅣ너ㅏfdjklfjsfjlds러아ㅣ런런',5,4,50000,NULL,50000,18,4,'N','착한사람만!ㅇㄴㄹㄴㅇㄹㅇㄴㄹㄴㅇㄹㄴㅇㄹㄴㅇㄹㅇㄹㄴㅇㄹㄴㅇㄹㄴㄹㄴㅇㄹㄴㅇㄹㅇㄹㄴㅇㄹㅇㄹ'),(55,'판매','2019-10-14','2019-10-19','스마트문화상품권 50,000원 팝니다~ ㅎㅇㅎㅇㅀㅇㅀㅇㄹ','러ㅣㄴ런러ㅣㄴ라ㅓㄴ런ㅇ리ㅏㄴㅇ23923920392932ㅓㄹ니런러ㅏㅣㄴㅇㄹㄴㅇㄹㄴㅇㄹㅇ',2,4,50000,'lJ/4qwTFIZGDxzhoFYie+49BkBoutzSbLEjMXQjwXwk=',50000,18,4,'N','착한사람만!'),(56,'판매','2019-10-14','2019-10-19','스마트문화상품권 100,000원 판매합니당~ㄹㅇㄹㅇㄴㄹㅇㄴㄹㄴㅇㄹ','ㄹㄴㅇㄹㄴㄹㄴㅇㄹㄴㅇㄹㄴㅇㄹㄴㅇㄹㅇㄹㄴㅇ린ㅇ런이ㅓㄹㄴ얼29930',8,4,100000,'OFCgnK4fQ4k9Wrp/guvzOGwDMnlbf0p0PfUP65GeqDQ=',100000,18,6,'Y','착한사람만!'),(57,'판매','2019-10-14','2019-10-19','스마트문화상품권 500,000원 팝니당~~~ㅎㅎㅎ히히힛','넝ㄹ닝ㄹㄴ어리널ㄴ렁널ㅇㄴ리ㅏㄴㅇ렁ㄴinfocean러아ㅣ런ㅇ러ㅏㅇㄴ런',8,4,100000,'OFCgnK4fQ4k9Wrp/guvzOGwDMnlbf0p0PfUP65GeqDQ=',50000,18,4,'N','착한사람만!'),(58,'구매','2019-10-14','2019-10-19','스마트문화상품권 100,000원 팔아요 (1) - 진휘','ㄹㅇㄴㄹㄴㄹㄴㄹㄴㅇㄹㄴㅇㄹㄴㅇㄹㄴㄹㄹ빨리용 빨리빨리',3,4,100000,NULL,100000,18,4,'N','니런일ㄴ렁니런이ㅓ랑너ㅣㄹㄴ이ㅓㅏㄹㄴ어;ㅣㄹㄴ어ㅏㅣㄹ넝'),(59,'구매','2019-10-14','2019-10-19','스마트문화상품권 100,000원 팔아요 (2) - 진휘','ㄹ이날너ㅣㄹㄴㅇ런ㅇ;ㄹㄴㅇ러ㅣㄴㅇ런ㅇㄹㄹㄴㄴㅇㄹㄹㄴㅇ',3,4,100000,NULL,100000,18,4,'N','ㄴ어ㅣㄹㄴ얼ㄴㅇㄹ;너ㅣㄹㄴ;ㅇ런ㅇㄹㄴ얼ㄴㅇ;ㅣㅏㄹ293239239'),(60,'구매','2019-10-14','2019-10-19','스마트문화상품권 구매해요~~~~~~~ (1) 수인 ','러ㅏㅣㄴㅇ런ㅇㄹㄴFDJKFLDJFfjksldfjflksfjsflks;fjslfjdljrfeirflksdfjsklf;fjsflksj',9,4,100000,NULL,100000,18,4,'N','dsfsdfsdfdf'),(61,'구매','2019-10-14','2019-10-19','스마트문화상품권 구매해요~~~~~~~ (2) 수인 ','fsdfsdfsdfsdfsdfsdfdsfds',9,4,100000,NULL,100000,18,4,'N','착한사람만!dsfsfsdfd'),(62,'구매','2019-10-14','2019-10-19','스마트문화상품권 구매해요~~~~~~~ (3) 수인 ','fdsfsdfssdfsdfsdfsdfsd',9,4,100000,NULL,100000,18,4,'N','sflsdfjsdf;sdjfsdjfkfjsdfjksdlfjsdf'),(63,'판매','2019-10-14','2019-10-19','스마트문화상품권 구매해요~~~~~~~ (1) 수미','ㄹㄴㅇㄹㄴㅇㄹㅇㄴㄹㄴㅇㄹㄴㅇㄹㅇㄴㄹㅇㄴㄹㄴㅇㄹㅇㄹ',2,4,100000,'KSITjNYx4adk1GDSfy3WK4uEP+z6PItlwxqzrPfrf/o=',100000,18,5,'N','ㄹㄴㅇㄹㄴㅇㄹㄴㅇㄹㄴㅇㄹㄴㅇㄹㅇㄴㄹㄴㅇㄹㄴㅇㄹㅇㄴㄹㅇ'),(64,'판매','2019-10-14','2019-10-19','스마트문화상품권 판매합니다~~ㄹ언리ㅓㄴ어ㅣㄹㄴ얼ㄴ어ㅏㄹ너ㅏㅣㅇㄹ너ㅣㅏㄹ어','라ㅣㅓㅇㄴ러ㅏ널니ㅏㅓㄹ나ㅣㄹㄴ이ㅏㅓㄹ어ㅣㄹㄴ이ㅓㄹㅇ너ㅏ',1,4,100000,'lJ/4qwTFIZGDxzhoFYie+49BkBoutzSbLEjMXQjwXwk=',100000,18,4,'N','ㄴㅇㄹㅇㄴㄹㅇㄹㄴㅇㄹㄴㅇㄹㄴㅇㄹㅇㄹㄴㅇ'),(65,'판매','2019-10-14','2019-10-19','스마트문화상품권 구매해요~~~~~~~ (2) 수미','fsdfjlksdjfdljkfalj;dfdjlf;sldjfdsjf',2,4,100000,'OFCgnK4fQ4k9Wrp/guvzOGwDMnlbf0p0PfUP65GeqDQ=',100000,18,4,'N','fsdffsdfsdf'),(66,'판매','2019-10-14','2019-10-19','스마트문화상품권 팔아용 러ㅏ이러ㅣㄴ리ㅓㄴㅇ러ㅣㅇㄴㄹㅇ 히히힛헤헤','ㄹㅇㄴㄹㄴㅇㄹㄴㅇㄹㄴㅇㄹㅇㄴㄹㅇㄴㄹㅇㄴㄹㅇㄴㄹㅇㄴㄹㅇㄴㄹ',8,4,100000,'VkjOwnfk02XwbWJ40pCIKB/xznqIcdc9PKojjJQLCVA=',100000,18,4,'N','ㅇㅎㅇㄴㄹㄴㅇㄹㄴㄹㅇㄴㄹㅇㄴ'),(67,'판매','2019-10-14','2019-10-19','해피머니상품권 판매해용~ㄹㄴㅇㄹㄴㅇㄹㄴㅇㄹㄴㅇㄹㅇㄴ','ㄴㅇㄹㄴㅇㄹㅇㄴㄹㅇㄴㄹㅇㄴㄹ웅에이이에이 헤헤히히이허허하히 히히세세',10,1,100000,'lJ/4qwTFIZGDxzhoFYie+49BkBoutzSbLEjMXQjwXwk=',100000,5,6,'Y','ㄹㅇㄹㄴㄹㅇㄴㄹㅇㄴ'),(68,'구매','2019-10-14','2019-10-19','해피머니 상품권 팝니다(10000원)ㄹㅇㄹㅇㄹㅇㄴㄹ','ㅇ니렁니런ㅇ러ㅣㄴㅇ런ㅇ러ㅣㄴㅇㄹㄴ어런일너일;널ㄴ어ㅏㄹ',1,1,100000,NULL,100000,5,4,'N','ㄹㅇ너ㅏㅣㄹ니런ㅇ러ㅣㄴㅇ리ㅏㄴ어131323ㅓㅣㅏ러ㅣㄴ렁ㄴ'),(69,'판매','2019-10-15','2019-10-20','해피머니상품권 팔아요~~~ㅎㅎㅎㅎ (쿠폰사용 10/15)','ㄹㄴㅇㄴㅇㄹㅇㄴㄹㄴㅇㄹㄴㅇㄹㄴㅇㄹㅇㄴ',10,1,100000,'OFCgnK4fQ4k9Wrp/guvzOGwDMnlbf0p0PfUP65GeqDQ=',100000,5,6,'Y','ㄹㅇㄴㄹㄴㅇㄹㅇㄴㄹㅇㄴㄹㅇㄴㄹㄴㅇㄹㅇㄴㄹ'),(70,'판매','2019-10-15','2019-10-20','해피머니상품권 100,000원 팔아용~ㄹㅇㄹㅇㄹㄴㅇㄹㅇㄴㅇㄹ','ㅇㄹㅇㄴㄹㄴㅇㄹㄴㅇㄹㅇㄴㄹㅇㄴㄹㅇㄴㄹㄴㄹㅇㄴㄹㄴㅇㄹㄹㄴㅇ',10,1,100000,'OFCgnK4fQ4k9Wrp/guvzOGwDMnlbf0p0PfUP65GeqDQ=',100000,5,4,'N','착한사람만!ㄹㅇㄹㄴㅇㄹㄴㅇㄹㅇㄴㄹㅇㄴ'),(71,'판매','2019-10-15','2019-10-20','스마트문화상품권 팔아용~ㄹ어러ㅣㅇㄴ러ㅣㅇ널ㅇㄹㅇㄹ','ㄹㅇㄹㄴㄹㅇㄴㄹㅇㄴㄹㅇ',10,4,100000,'lJ/4qwTFIZGDxzhoFYie+49BkBoutzSbLEjMXQjwXwk=',100000,18,4,'N','ㄹㅇㄴㄹㅇㄴㄹㄴㅇㄹㄴㅇㄹㄴㅇㄹㄴㅇㄹ'),(72,'구매','2019-10-15','2019-10-20','스마트문화상품건 사용~~~~~~ㄴ어ㅣㄹ넝ㄹㅇ널;ㄴ얼ㄴ얼ㅇ니ㅓㄹㅇ너ㅏㅣㄹㅇ널','리ㅏㅓㅇㄴ러ㅣㅏㄴㅇ러ㅏㄴ이런이라ㅓㅇㄴ리ㅏㅓㅇㄴ러ㅣㅇㄴ렁니ㅏ러',2,4,100000,NULL,100000,18,4,'N','착한사람만!ㄹㅇㄹㅇㄹㅇㄴㄹㅇㄴㄹㅇㄴㄹㅇㄴㄹㅇㄴㄹㅇㄴㄹㅇㄴㄹㅇㄴㄹㅇㄴㄹ'),(73,'구매','2019-10-15','2019-10-20','스마트문화상품권 100000원 판매합니다ㄹㄴㅇㄹㅇㄹㅇㄹ','ㅇ라ㅣㄴ이ㅓㅏㄹㅇ니ㅓ란ㅇ렁니렁리;ㅓㅇㄴ러ㅏ인렁ㄴ라ㅣㅓㅇ너ㅏㄹ',2,4,100000,NULL,100000,18,4,'N','ㅎㅀㅇㅀㄹㅇㅎㅇㅀㅇㅀㅀㅀㅇㅀㅇㅎㄹㅇㅎㅇㅀㅇㅀㅇㅀ'),(74,'구매','2019-10-15','2019-10-20','해피머니상품권 100,000원 사요~ㄹ어ㅏㄹ어ㅏㅣㄹ','ㅇㄹㅇㄴㄹㄴㅇㄹㄴㅇㄹㄴㅇㄹㄴㅇㄹㄹㄴㅇㄹㅇㄴㄹㅇㄴㄹㅇㄴㄹㅇㄴㄹㅇㄹ',3,1,100000,NULL,100000,5,4,'N','ㅇㄹㄴㄹㅇㄹㅇㄴㄹㄴㅇㄹㅇㄴㄹㅇㄴㄹ'),(75,'구매','2019-10-15','2019-10-20','문화상품권 50000원 사요~ㄹㅇㄴㄹㄴㅇㄹㅇ','ㅇㄹㅇㄹㅇㅇㄴㄹㅇㄹㄹㅇㄹㅇㄴㄹㄴㅇㄹㅇㄴㄹㅇㄴㄹㅇㄴ',3,3,100000,NULL,100000,11,4,'N','ㄹㅇㄴㄹㅇㄹㅇㄹㄴㅇㄹㄴㄹㄴㅇㄹㄴㄹㄴㅇㄹㄴ'),(76,'구매','2019-10-15','2019-10-20','스마트문화상품권 100,000원 사요~ㄹㅇㄹㅇㄹㅇㄹㅇ','ㄹㅇㄴㄹㅇㄴㄹㅇㄴㄹㅇㄴㄹㄴㅇㄹㄴㅇㄹㄴㄹㅇㄴ',2,4,100000,NULL,100000,18,4,'N','ㄹㅇㄹㅇㄴㄹ'),(77,'구매','2019-10-15','2019-10-20','스마트문화상품권 100,000원 사요~ㄹㄴㅇㄹㄴㅇㄹㄴㅇㄹㅇㄴㄹㅇㄹㅇㄹㅇㄹ (4)','ㅇㄹㄴㅇㄹㅇㄴㄹㅇㄹㅇㄴㄹㅇㄹㅇㄹㅇㄹㅇㄹ',9,4,100000,NULL,100000,18,4,'N','ㅇㄹㅇㄴㄹㄴㅇㄹㄴㅇㄹㅇㄹ'),(78,'구매','2019-10-15','2019-10-20','해피머니상품권 50,000원 삽니당~ㄹㄴㅇㄹㄴㅇㄹㄴㅇㄹㅇㄴㄹㅇㄴ(5)- 수인','ㄹㅇㄴㄹㅇㄴㄹㅇㄴㄹㅇㄴㄹㅇㄴㄹㅇㄴㄹㅇㄹㅇㄴㄹㅇㅇ',9,1,50000,NULL,50000,5,4,'N','ㄹㅇㄹㅇㄴㄹㅇㄴㄹ'),(79,'구매','2019-10-15','2019-10-20','해피머니사요~사요나라~ 사요사요~~~~','ㄹㄴㅇㄹㄴㄹㅇㄴㄹㄴㄹㄹㄴㅇㄹㅇㄴㄹㄴㅇㄹㅇㄴㄹㄴㅇㄹㄴㅇ',3,1,100000,NULL,100000,5,6,'Y','ㄹㄴㄹㅇㄹㄴㄹㄴㅇㄹㅇㄴㄹㄴㄴㅇㄹㄴㅇㄹㅇㄴㄹㄴㅇㄹㅇㄴㄹㄴㅇㄹㄹ'),(80,'판매','2019-10-15','2019-10-20','해피머니팝니당ㅎㅎㅎ~ 팔아팔아팔아 다팔아!!!!!!!!! ㅎㅎㅎㅎㅎㅎㅎㅎㅎㅎㅎㅎㅎ','ㄹㅇㄴㄹㄴㅇㄹ너린어러ㅣㄴㅇ러ㅏㅇㄴ런',3,1,100000,'lJ/4qwTFIZGDxzhoFYie+49BkBoutzSbLEjMXQjwXwk=',100000,5,4,'N','착한사람만!ㄹㅇㄹㅇㄴㄹㄴㄹㅇㄴㄹㅇㄹㄴㅇㄹㄴㅇ'),(81,'판매','2019-10-15','2019-10-20','문화상품권용 팝니다용~~~~ㄹㄴㅇㄹㅇㄴㅀㅎ ㅎㅅㅎ','ㄹㅇㄹㄴㄹㄴㅇㄹㄴㄹㅇㄴㄹㄴㅇㄹㄴㅇㄹㅇㄴㄹㅇㄴㄹㅇㄴㄹㅇㄴㄹ',3,3,100000,'OFCgnK4fQ4k9Wrp/guvzOGwDMnlbf0p0PfUP65GeqDQ=',100000,11,4,'N','ㄹㅇㄴㄹㅇㄹㅇㄴㄹㄴㅇㄹㄴㅇㄹㄴㅇ'),(82,'판매','2019-10-15','2019-10-20','도서문화상품권 팔아용~~~~~~~~~~~~~얼릉얼릉 구매해가욤~','ㄹㅇㄴㄹㅇㄹㄴㅇㄹㄴㅇㄹㄴㅇㄹㄴㅇㄹㄴㅇㄹㄹㄴㅇㄹㅇㄴㄹㄹㅇㄹ',3,2,100000,'OFCgnK4fQ4k9Wrp/guvzOGwDMnlbf0p0PfUP65GeqDQ=',150000,10,4,'N','ㄹㄹㄴㅇㄹㄴㄹㅇㄹㅇㄹㄴㄹㄹㄴㅇ'),(83,'판매','2019-10-15','2019-10-20','문화상품권 팔아용~~~~~~~~','팔아팔아팔아팔아 다팔아다팔아 상점형 쇼핑몰 히히 ',6,3,50000,'OFCgnK4fQ4k9Wrp/guvzOGwDMnlbf0p0PfUP65GeqDQ=',50000,11,4,'N','착한사람만!ㅎㅎㅎㅎㅎ'),(84,'구매','2019-10-15','2019-10-20','해피머니 10,000원 사용~~~~~ 사요사요사요사요나라','리어런ㄹㅇㄴ런ㅇ렁ㄹ이ㅓ날ㅇ너ㅣ러이해피해피해피머니머니가 짱',6,1,10000,NULL,10000,5,4,'N','해피머니 해피머니 해피머니 해피머니 해피머니'),(85,'판매','2019-10-15','2019-10-20','해피머니 10,000원 사용~~~~~ 사요사요사요사요나라','ㄹㅇㄹㄴㅇㄹㄴㄹㄴㅇㄹㅇㄴㄹㅇㄴㄹㅇㄴㄹㄴㅇㄹㅇㄴㄹㅇㄴㄹㅇㄴㄹㅇㄴㄹㄷㅇㄴㄹㄴㅇ',6,1,10000,'lJ/4qwTFIZGDxzhoFYie+49BkBoutzSbLEjMXQjwXwk=',10000,5,4,'N','ㅇㄹㅇㄴㄹㅇㄴㄹㅇㄹㅇㄴㄹㅇㄴㄹㅇㄹㄹㅇㄴㄹㅇㄴㄹㅇㄴ'),(86,'구매','2019-10-16','2019-10-21','해피머니상품권 50,000원 사요~~','ㄹㅇㄹㅇㄴㄹㄴㄹㅇㄴㄹㅇㄴㄹㄴㅇㄹㄴㅇㄹㄴㅇㄹ313232132321ㄹㄴㄹㄴㅇㄹ4343',3,1,50000,NULL,70000,5,4,'N','ㄹㅇㄹㅇㄹㅇㄹㅇㄹㅇㄹㅇ'),(87,'판매','2019-10-16','2019-10-21','해피머니상품권 50,000원 팔아용~~ㅎㅎㅎㅎ','ㅍㅇㄹㅇㄹㅇㄹㅇㄹㅇㄹㅇㄹㅇㄹㅇㄹㅇㄹㅇㄹㅇㄹㅇㄹㅇㄹㅇㄹㅇㄹㅇㄹㅇㄹㅇㄹㅇㄹㅇㄹㅇ',7,1,50000,'KSITjNYx4adk1GDSfy3WK4uEP+z6PItlwxqzrPfrf/o=',50000,5,4,'N','테스트~~.....'),(88,'판매','2019-10-17','2019-10-22','도서문화상품권 100,000원 팔아요~~~','연락 많이주세요~~~~~~~~~~~ㅎㅎㅎㅎㅎㅎㅎㅎㅎㅎㄹㅇㄹㅇㄹㅇ',8,2,100000,'XDxkeCS2Jtcbp32pjvss9Mzdls0jkHfz1+zwBt0sfWk=',100000,10,4,'N','착한사람만!'),(89,'구매','2019-10-17','2019-10-22','해피머니 사요~~~ ㅎㅎㅇㅎㅇㅀㅀㄹㅇㅎㅇㅀㅀㅇ','ㄹㅇㅎㄹㅇㅎㄹㅇㅎㄹㅇㅎㅇㅀㅀㄹㅇㅎㄹㅇㅎㅇㄹ ㅎㄹㅇㅎㄹㅇㅎ빨리팔아주셈',1,1,100000,NULL,100000,5,4,'N','착한사람만!ㄹㅇㄴㄹㅇㄴㄹㅇㄴㄹㅇㄴㄹㄴㅇㄹㄴㅇㄹㅇㄴㄹㄴㅇㄹㅇㄴ');
/*!40000 ALTER TABLE `th_dealings` ENABLE KEYS */;
UNLOCK TABLES;

--
-- Table structure for table `th_dealings_commission`
--

DROP TABLE IF EXISTS `th_dealings_commission`;
/*!40101 SET @saved_cs_client     = @@character_set_client */;
/*!40101 SET character_set_client = utf8 */;
CREATE TABLE `th_dealings_commission` (
  `idx` int(11) unsigned NOT NULL AUTO_INCREMENT COMMENT 'th_dealings_commission.idx PK',
  `dealings_idx` int(11) unsigned NOT NULL COMMENT 'th_dealings.idx FK',
  `commission` int(11) NOT NULL COMMENT '수수료',
  `dealings_complete_date` date NOT NULL COMMENT '최종거래일자',
  `sell_item_idx` int(11) unsigned NOT NULL COMMENT 'th_sell_item.idx FK',
  PRIMARY KEY (`idx`),
  UNIQUE KEY `dealings_idx` (`dealings_idx`) USING BTREE,
  KEY `sell_item_idx` (`sell_item_idx`)
) ENGINE=InnoDB AUTO_INCREMENT=72 DEFAULT CHARSET=utf8 COMMENT='거래 수수료 테이블';
/*!40101 SET character_set_client = @saved_cs_client */;

--
-- Dumping data for table `th_dealings_commission`
--

LOCK TABLES `th_dealings_commission` WRITE;
/*!40000 ALTER TABLE `th_dealings_commission` DISABLE KEYS */;
INSERT INTO `th_dealings_commission` VALUES (1,1,18000,'2019-10-10',4),(2,2,9000,'2019-10-10',4),(3,3,900,'2019-10-10',2),(4,4,2500,'2019-10-10',1),(5,9,18000,'2019-10-10',4),(6,8,5000,'2019-10-10',1),(7,10,5000,'2019-10-10',1),(8,13,11000,'2019-10-10',3),(9,14,18000,'2019-10-10',4),(10,16,10000,'2019-10-10',2),(11,12,18000,'2019-10-10',4),(12,11,18000,'2019-10-10',4),(13,15,18000,'2019-10-10',4),(14,17,18000,'2019-10-10',4),(15,18,5000,'2019-10-10',1),(16,20,9000,'2019-10-10',4),(17,23,18000,'2019-10-10',4),(18,19,9000,'2019-10-10',4),(19,21,18000,'2019-10-10',4),(20,22,18000,'2019-10-10',4),(21,24,5000,'2019-10-10',1),(22,7,5500,'2019-10-10',3),(23,25,18000,'2019-10-10',4),(29,26,5000,'2019-10-10',1),(30,28,2500,'2019-10-10',1),(31,29,5500,'2019-10-10',3),(32,30,18000,'2019-10-10',4),(33,31,18000,'2019-10-10',4),(34,32,18000,'2019-10-10',4),(35,33,18000,'2019-10-10',4),(36,34,18000,'2019-10-10',4),(37,35,18000,'2019-10-10',4),(38,38,18000,'2019-10-11',4),(39,40,18000,'2019-10-11',4),(40,52,9000,'2019-10-14',4),(41,53,1100,'2019-10-14',3),(42,54,9000,'2019-10-14',4),(43,55,9000,'2019-10-14',4),(44,58,18000,'2019-10-14',4),(45,59,18000,'2019-10-14',4),(46,36,18000,'2019-10-14',4),(47,60,18000,'2019-10-14',4),(48,61,18000,'2019-10-14',4),(49,62,18000,'2019-10-14',4),(50,65,18000,'2019-10-14',4),(51,64,18000,'2019-10-14',4),(52,68,5000,'2019-10-14',1),(53,71,18000,'2019-10-15',4),(54,76,18000,'2019-10-15',4),(55,74,5000,'2019-10-15',1),(56,73,18000,'2019-10-15',4),(57,72,18000,'2019-10-15',4),(58,75,11000,'2019-10-15',3),(59,77,18000,'2019-10-15',4),(60,78,2500,'2019-10-15',1),(61,82,15000,'2019-10-15',2),(62,81,11000,'2019-10-15',3),(63,80,5000,'2019-10-15',1),(64,83,5500,'2019-10-15',3),(65,85,500,'2019-10-15',1),(66,86,3500,'2019-10-16',1),(67,87,2500,'2019-10-16',1),(68,66,18000,'2019-10-17',4),(69,88,10000,'2019-10-17',2),(70,84,500,'2019-10-17',1),(71,89,5000,'2019-10-17',1);
/*!40000 ALTER TABLE `th_dealings_commission` ENABLE KEYS */;
UNLOCK TABLES;

--
-- Table structure for table `th_dealings_mileage_change`
--

DROP TABLE IF EXISTS `th_dealings_mileage_change`;
/*!40101 SET @saved_cs_client     = @@character_set_client */;
/*!40101 SET character_set_client = utf8 */;
CREATE TABLE `th_dealings_mileage_change` (
  `idx` int(11) unsigned NOT NULL AUTO_INCREMENT COMMENT 'th_dealings_mileage_change.idx PK',
  `dealings_idx` int(11) unsigned NOT NULL COMMENT 'th_dealings.idx PK',
  `dealings_writer_idx` int(11) unsigned NOT NULL COMMENT '거래글 작성자(th_members.idx)',
  `dealings_member_idx` int(11) unsigned NOT NULL COMMENT '거래를 하는 사람(th_members.idx)',
  `charge_idx` int(11) unsigned NOT NULL COMMENT 'th_mileage_charge.idx FK',
  `dealings_status_code` int(11) unsigned NOT NULL COMMENT 'th_dealings_status_code.idx FK',
  `dealings_date` date NOT NULL COMMENT '마일리지를 결제한 날짜',
  `refund_date` date DEFAULT NULL COMMENT '환불날짜',
  `dealings_money` int(11) NOT NULL COMMENT '거래금액',
  `memo` varchar(180) DEFAULT NULL COMMENT '비고',
  PRIMARY KEY (`idx`),
  KEY `dealings_idx` (`dealings_idx`),
  KEY `dealings_writer_idx` (`dealings_writer_idx`),
  KEY `dealings_member_idx` (`dealings_member_idx`),
  KEY `dealings_status_code` (`dealings_status_code`),
  KEY `dealing_date` (`dealings_date`),
  KEY `charge_idx` (`charge_idx`)
) ENGINE=InnoDB AUTO_INCREMENT=102 DEFAULT CHARSET=utf8 COMMENT='거래시 마일리지 변동 내역';
/*!40101 SET character_set_client = @saved_cs_client */;

--
-- Dumping data for table `th_dealings_mileage_change`
--

LOCK TABLES `th_dealings_mileage_change` WRITE;
/*!40000 ALTER TABLE `th_dealings_mileage_change` DISABLE KEYS */;
INSERT INTO `th_dealings_mileage_change` VALUES (1,2,1,1,4,3,'2019-10-10',NULL,10000,NULL),(2,2,1,1,3,3,'2019-10-10',NULL,10000,NULL),(3,2,1,1,2,3,'2019-10-10',NULL,10000,NULL),(4,2,1,1,8,3,'2019-10-10',NULL,2000,NULL),(5,2,1,1,9,3,'2019-10-10',NULL,18000,NULL),(6,3,2,1,9,3,'2019-10-10',NULL,9000,NULL),(7,4,2,6,16,3,'2019-10-10',NULL,50000,NULL),(8,5,2,7,21,3,'2019-10-10',NULL,100000,NULL),(9,6,3,7,24,3,'2019-10-10',NULL,100000,NULL),(10,9,3,9,37,3,'2019-10-10',NULL,100000,NULL),(11,8,3,9,38,3,'2019-10-10',NULL,100000,NULL),(12,10,3,8,58,3,'2019-10-10',NULL,100000,NULL),(13,13,5,8,51,3,'2019-10-10',NULL,100000,NULL),(14,16,8,8,52,3,'2019-10-10',NULL,100000,NULL),(15,14,8,8,53,3,'2019-10-10',NULL,100000,NULL),(16,12,5,7,25,3,'2019-10-10',NULL,50000,NULL),(17,12,5,7,22,3,'2019-10-10',NULL,50000,NULL),(18,11,5,7,22,3,'2019-10-10',NULL,50000,NULL),(19,11,5,7,23,3,'2019-10-10',NULL,50000,NULL),(20,18,7,9,39,3,'2019-10-10',NULL,100000,NULL),(21,17,7,9,30,3,'2019-10-10',NULL,100000,NULL),(22,15,8,8,54,3,'2019-10-10',NULL,100000,NULL),(23,20,6,1,9,3,'2019-10-10',NULL,50000,NULL),(24,21,1,3,42,3,'2019-10-10',NULL,95000,NULL),(25,21,1,3,59,3,'2019-10-10',NULL,5000,NULL),(26,22,8,9,31,3,'2019-10-10',NULL,100000,NULL),(27,24,8,5,44,3,'2019-10-10',NULL,100000,NULL),(28,23,8,5,47,3,'2019-10-10',NULL,100000,NULL),(29,19,6,2,13,3,'2019-10-10',NULL,50000,NULL),(30,7,3,3,28,3,'2019-10-10',NULL,50000,NULL),(31,25,10,1,9,3,'2019-10-10',NULL,23000,NULL),(32,25,10,1,83,3,'2019-10-10',NULL,77000,NULL),(33,26,10,5,45,3,'2019-10-10',NULL,100000,NULL),(34,28,3,10,107,3,'2019-10-10',NULL,50000,NULL),(35,29,2,2,13,3,'2019-10-10',NULL,50000,NULL),(36,30,3,3,59,3,'2019-10-10',NULL,90000,NULL),(37,30,3,3,117,3,'2019-10-10',NULL,10000,NULL),(38,31,3,3,112,3,'2019-10-10',NULL,100000,NULL),(39,32,3,3,113,3,'2019-10-10',NULL,100000,NULL),(40,33,3,3,40,3,'2019-10-10',NULL,82000,NULL),(41,33,3,3,114,3,'2019-10-10',NULL,18000,NULL),(42,34,3,3,121,3,'2019-10-10',NULL,82000,NULL),(43,34,3,3,28,3,'2019-10-10',NULL,18000,NULL),(44,35,3,3,114,3,'2019-10-10',NULL,82000,NULL),(45,35,3,3,115,3,'2019-10-10',NULL,18000,NULL),(46,36,8,9,32,4,'2019-10-10',NULL,100000,NULL),(47,37,6,3,116,5,'2019-10-11',NULL,100000,NULL),(48,38,6,3,115,4,'2019-10-11',NULL,82000,NULL),(49,38,6,3,117,4,'2019-10-11',NULL,18000,NULL),(50,39,6,9,33,4,'2019-10-11',NULL,100000,NULL),(51,41,2,9,34,5,'2019-10-11',NULL,100000,NULL),(52,52,1,1,153,4,'2019-10-11',NULL,10000,NULL),(53,52,1,1,152,4,'2019-10-11',NULL,10000,NULL),(54,52,1,1,151,4,'2019-10-11',NULL,10000,NULL),(55,52,1,1,91,4,'2019-10-11',NULL,20000,NULL),(56,53,2,2,129,4,'2019-10-14',NULL,10000,NULL),(57,54,5,5,46,4,'2019-10-14',NULL,50000,NULL),(58,55,2,1,155,4,'2019-10-14',NULL,50000,NULL),(59,59,3,3,189,4,'2019-10-14',NULL,100000,NULL),(60,58,3,3,188,4,'2019-10-14',NULL,100000,NULL),(61,60,9,9,35,4,'2019-10-14',NULL,100000,NULL),(62,62,9,9,36,4,'2019-10-14',NULL,100000,NULL),(63,61,9,9,63,4,'2019-10-14',NULL,82000,NULL),(64,61,9,9,65,4,'2019-10-14',NULL,18000,NULL),(65,63,2,9,65,5,'2019-10-14',NULL,72000,NULL),(66,63,2,9,71,5,'2019-10-14',NULL,28000,NULL),(67,65,2,9,71,4,'2019-10-14',NULL,54000,NULL),(68,65,2,9,148,4,'2019-10-14',NULL,46000,NULL),(69,64,1,9,149,4,'2019-10-14',NULL,100000,NULL),(70,66,8,7,23,4,'2019-10-14',NULL,50000,NULL),(71,66,8,7,73,4,'2019-10-14',NULL,50000,NULL),(72,68,1,1,155,4,'2019-10-14',NULL,50000,NULL),(73,68,1,1,91,4,'2019-10-14',NULL,50000,NULL),(74,71,10,8,55,4,'2019-10-15',NULL,100000,NULL),(75,70,10,9,200,4,'2019-10-15',NULL,100000,NULL),(76,73,2,2,14,4,'2019-10-15',NULL,8100,NULL),(77,73,2,2,19,4,'2019-10-15',NULL,47500,NULL),(78,73,2,2,26,4,'2019-10-15',NULL,44400,NULL),(79,72,2,2,26,4,'2019-10-15',NULL,55600,NULL),(80,72,2,2,129,4,'2019-10-15',NULL,44400,NULL),(81,75,3,3,187,4,'2019-10-15',NULL,100000,NULL),(82,74,3,3,186,4,'2019-10-15',NULL,100000,NULL),(83,76,2,2,10,4,'2019-10-15',NULL,82000,NULL),(84,76,2,2,11,4,'2019-10-15',NULL,18000,NULL),(85,78,9,9,198,4,'2019-10-15',NULL,50000,NULL),(86,82,3,9,204,4,'2019-10-15',NULL,100000,NULL),(87,82,3,9,196,4,'2019-10-15',NULL,50000,NULL),(88,81,3,1,226,4,'2019-10-15',NULL,100000,NULL),(89,80,3,5,49,4,'2019-10-15',NULL,100000,NULL),(90,83,6,8,56,4,'2019-10-15',NULL,50000,NULL),(91,84,6,6,18,4,'2019-10-15',NULL,10000,NULL),(92,85,6,1,91,4,'2019-10-15',NULL,10000,NULL),(93,86,3,3,190,4,'2019-10-16',NULL,70000,NULL),(94,87,7,2,11,4,'2019-10-16',NULL,23000,NULL),(95,87,7,2,129,4,'2019-10-16',NULL,27000,NULL),(96,88,8,1,238,4,'2019-10-17',NULL,50000,NULL),(97,88,8,1,91,4,'2019-10-17',NULL,16000,NULL),(98,88,8,1,92,4,'2019-10-17',NULL,34000,NULL),(99,89,1,1,92,4,'2019-10-17',NULL,66000,NULL),(100,89,1,1,150,4,'2019-10-17',NULL,10000,NULL),(101,89,1,1,154,4,'2019-10-17',NULL,24000,NULL);
/*!40000 ALTER TABLE `th_dealings_mileage_change` ENABLE KEYS */;
UNLOCK TABLES;

--
-- Table structure for table `th_dealings_process`
--

DROP TABLE IF EXISTS `th_dealings_process`;
/*!40101 SET @saved_cs_client     = @@character_set_client */;
/*!40101 SET character_set_client = utf8 */;
CREATE TABLE `th_dealings_process` (
  `idx` int(11) unsigned NOT NULL AUTO_INCREMENT COMMENT 'th_dealings_process.idx PK',
  `dealings_idx` int(11) unsigned NOT NULL COMMENT 'th_dealings.idx FK',
  `dealings_status_idx` int(11) unsigned NOT NULL COMMENT 'th_dealings_status_code.idx FK',
  `dealings_datetime` datetime NOT NULL COMMENT '거래상태 변경시각',
  PRIMARY KEY (`idx`),
  KEY `dealings_idx` (`dealings_idx`),
  KEY `dealings_status_idx` (`dealings_status_idx`)
) ENGINE=InnoDB AUTO_INCREMENT=353 DEFAULT CHARSET=utf8 COMMENT='거래 처리과정 테이블';
/*!40101 SET character_set_client = @saved_cs_client */;

--
-- Dumping data for table `th_dealings_process`
--

LOCK TABLES `th_dealings_process` WRITE;
/*!40000 ALTER TABLE `th_dealings_process` DISABLE KEYS */;
INSERT INTO `th_dealings_process` VALUES (1,1,1,'2019-10-10 03:17:23'),(2,1,2,'2019-10-10 03:17:38'),(3,1,3,'2019-10-10 03:18:03'),(4,1,4,'2019-10-10 03:18:08'),(5,2,1,'2019-10-10 03:19:05'),(6,2,2,'2019-10-10 03:19:20'),(7,2,3,'2019-10-10 03:19:46'),(8,2,4,'2019-10-10 03:19:49'),(9,3,1,'2019-10-10 03:21:13'),(10,3,2,'2019-10-10 03:21:37'),(11,3,3,'2019-10-10 03:21:44'),(12,3,4,'2019-10-10 03:21:57'),(13,4,1,'2019-10-10 03:23:03'),(14,4,2,'2019-10-10 03:23:53'),(15,4,3,'2019-10-10 03:23:59'),(16,4,4,'2019-10-10 03:24:06'),(17,5,1,'2019-10-10 03:25:20'),(18,5,2,'2019-10-10 03:26:38'),(19,5,3,'2019-10-10 03:26:46'),(20,5,4,'2019-10-10 03:27:24'),(21,6,1,'2019-10-10 03:30:00'),(22,7,1,'2019-10-10 03:30:30'),(23,6,2,'2019-10-10 03:30:41'),(24,6,3,'2019-10-10 03:30:50'),(25,6,4,'2019-10-10 03:31:07'),(26,7,2,'2019-10-10 03:31:34'),(27,8,1,'2019-10-10 04:33:43'),(28,9,1,'2019-10-10 04:34:08'),(29,8,2,'2019-10-10 04:35:16'),(30,9,2,'2019-10-10 04:35:21'),(31,9,3,'2019-10-10 04:37:28'),(32,8,3,'2019-10-10 04:37:33'),(33,9,4,'2019-10-10 04:37:39'),(34,8,4,'2019-10-10 04:37:40'),(35,10,1,'2019-10-10 04:38:54'),(36,11,1,'2019-10-10 04:39:24'),(37,12,1,'2019-10-10 04:39:43'),(38,13,1,'2019-10-10 04:40:50'),(39,10,2,'2019-10-10 04:44:33'),(40,13,2,'2019-10-10 04:44:40'),(41,10,3,'2019-10-10 04:44:45'),(42,13,3,'2019-10-10 04:44:57'),(43,10,4,'2019-10-10 04:45:02'),(44,13,4,'2019-10-10 04:45:03'),(45,14,1,'2019-10-10 04:46:12'),(46,15,1,'2019-10-10 04:46:28'),(47,16,1,'2019-10-10 04:47:48'),(48,16,2,'2019-10-10 04:48:37'),(49,14,2,'2019-10-10 04:48:41'),(50,16,3,'2019-10-10 04:49:31'),(51,14,3,'2019-10-10 04:49:39'),(52,14,4,'2019-10-10 04:49:45'),(53,16,4,'2019-10-10 04:49:47'),(54,12,2,'2019-10-10 04:50:48'),(55,12,3,'2019-10-10 04:50:57'),(56,12,4,'2019-10-10 04:51:08'),(57,11,2,'2019-10-10 04:51:27'),(58,11,3,'2019-10-10 04:51:47'),(59,11,4,'2019-10-10 04:51:52'),(60,17,1,'2019-10-10 04:52:31'),(61,18,1,'2019-10-10 04:52:48'),(62,17,2,'2019-10-10 04:53:21'),(63,18,2,'2019-10-10 04:53:24'),(64,15,2,'2019-10-10 04:53:27'),(65,18,3,'2019-10-10 04:53:36'),(66,17,3,'2019-10-10 04:53:43'),(67,15,3,'2019-10-10 04:54:05'),(68,15,4,'2019-10-10 04:54:10'),(69,17,4,'2019-10-10 04:54:12'),(70,18,4,'2019-10-10 04:54:14'),(71,19,1,'2019-10-10 04:55:21'),(72,20,1,'2019-10-10 04:55:41'),(73,20,2,'2019-10-10 04:56:24'),(74,20,3,'2019-10-10 04:56:30'),(75,21,1,'2019-10-10 04:57:40'),(76,21,2,'2019-10-10 04:58:06'),(77,21,3,'2019-10-10 04:58:18'),(78,22,1,'2019-10-10 04:59:29'),(79,23,1,'2019-10-10 04:59:52'),(80,24,1,'2019-10-10 05:00:10'),(81,24,2,'2019-10-10 05:00:25'),(82,23,2,'2019-10-10 05:00:28'),(83,22,2,'2019-10-10 05:00:39'),(84,22,3,'2019-10-10 05:00:48'),(85,24,3,'2019-10-10 05:01:06'),(86,23,3,'2019-10-10 05:01:12'),(87,19,2,'2019-10-10 05:01:29'),(88,19,3,'2019-10-10 05:01:35'),(89,20,4,'2019-10-10 05:01:44'),(90,23,4,'2019-10-10 05:01:46'),(91,19,4,'2019-10-10 05:01:47'),(92,21,4,'2019-10-10 05:01:49'),(93,22,4,'2019-10-10 05:01:51'),(94,24,4,'2019-10-10 05:01:53'),(95,7,3,'2019-10-10 06:01:04'),(96,7,4,'2019-10-10 06:01:46'),(97,25,1,'2019-10-10 06:04:39'),(98,25,2,'2019-10-10 06:05:10'),(99,25,3,'2019-10-10 06:06:11'),(100,25,4,'2019-10-10 06:07:12'),(101,26,1,'2019-10-10 06:10:01'),(102,26,2,'2019-10-10 06:10:19'),(103,26,3,'2019-10-10 06:10:27'),(104,27,1,'2019-10-10 06:23:06'),(110,26,4,'2019-10-10 07:02:49'),(111,28,1,'2019-10-10 07:06:30'),(112,28,2,'2019-10-10 07:06:44'),(113,28,3,'2019-10-10 07:07:15'),(114,29,1,'2019-10-10 07:08:50'),(115,29,2,'2019-10-10 07:09:03'),(116,29,3,'2019-10-10 07:10:08'),(117,27,2,'2019-10-10 07:10:35'),(118,27,3,'2019-10-10 07:10:44'),(119,27,5,'2019-10-10 07:32:00'),(120,28,4,'2019-10-10 07:32:40'),(121,29,4,'2019-10-10 07:32:43'),(122,30,1,'2019-10-10 07:37:17'),(123,31,1,'2019-10-10 07:37:36'),(124,32,1,'2019-10-10 07:38:02'),(125,33,1,'2019-10-10 07:38:24'),(126,30,2,'2019-10-10 07:38:39'),(127,31,2,'2019-10-10 07:38:42'),(128,32,2,'2019-10-10 07:38:45'),(129,33,2,'2019-10-10 07:38:48'),(130,30,3,'2019-10-10 07:39:02'),(131,31,3,'2019-10-10 07:39:07'),(132,32,3,'2019-10-10 07:39:12'),(133,33,3,'2019-10-10 07:39:17'),(134,30,4,'2019-10-10 07:40:51'),(135,31,4,'2019-10-10 07:41:17'),(136,32,4,'2019-10-10 07:42:19'),(137,33,4,'2019-10-10 07:42:36'),(138,34,1,'2019-10-10 08:09:32'),(139,35,1,'2019-10-10 08:09:48'),(140,34,2,'2019-10-10 08:10:02'),(141,35,2,'2019-10-10 08:10:28'),(142,34,3,'2019-10-10 08:10:59'),(143,35,3,'2019-10-10 08:11:06'),(144,34,4,'2019-10-10 08:11:24'),(145,35,4,'2019-10-10 08:11:40'),(146,36,1,'2019-10-10 08:12:40'),(147,36,2,'2019-10-10 08:13:42'),(148,36,3,'2019-10-10 08:13:52'),(149,37,1,'2019-10-11 00:26:54'),(150,37,2,'2019-10-11 00:27:24'),(151,37,3,'2019-10-11 00:27:33'),(152,37,5,'2019-10-11 00:27:53'),(153,38,1,'2019-10-11 00:28:35'),(154,38,2,'2019-10-11 00:29:00'),(155,38,3,'2019-10-11 00:29:08'),(156,38,4,'2019-10-11 00:29:31'),(157,39,1,'2019-10-11 00:38:39'),(158,39,2,'2019-10-11 00:39:05'),(159,39,3,'2019-10-11 00:39:19'),(160,39,4,'2019-10-11 00:40:13'),(161,40,1,'2019-10-11 02:37:31'),(162,40,2,'2019-10-11 02:37:44'),(163,40,3,'2019-10-11 02:37:52'),(164,40,4,'2019-10-11 02:45:49'),(165,41,1,'2019-10-11 02:48:26'),(166,41,2,'2019-10-11 02:48:49'),(167,41,3,'2019-10-11 02:48:58'),(168,41,5,'2019-10-11 02:49:49'),(169,42,1,'2019-10-11 04:47:20'),(170,43,1,'2019-10-11 04:59:46'),(171,44,1,'2019-10-11 05:48:08'),(172,45,1,'2019-10-11 05:48:38'),(173,46,1,'2019-10-11 05:49:04'),(174,47,1,'2019-10-11 05:52:48'),(175,48,1,'2019-10-11 05:53:07'),(176,49,1,'2019-10-11 05:53:30'),(177,50,1,'2019-10-11 05:53:55'),(178,51,1,'2019-10-11 05:54:14'),(179,48,2,'2019-10-11 06:35:23'),(180,44,2,'2019-10-11 06:37:42'),(181,52,1,'2019-10-11 09:04:18'),(182,52,2,'2019-10-11 09:04:36'),(183,52,3,'2019-10-11 09:04:52'),(185,52,4,'2019-10-14 15:22:44'),(186,53,1,'2019-10-14 15:23:25'),(187,53,2,'2019-10-14 15:23:40'),(188,53,3,'2019-10-14 15:24:04'),(206,53,4,'2019-10-14 15:53:20'),(207,54,1,'2019-10-14 16:00:34'),(208,54,2,'2019-10-14 16:00:58'),(209,54,3,'2019-10-14 16:01:36'),(210,54,4,'2019-10-14 16:01:59'),(211,55,1,'2019-10-14 16:05:28'),(212,55,2,'2019-10-14 16:05:51'),(213,55,3,'2019-10-14 16:06:10'),(214,55,4,'2019-10-14 16:06:25'),(215,56,1,'2019-10-14 16:10:06'),(216,57,1,'2019-10-14 16:11:28'),(217,57,2,'2019-10-14 16:11:46'),(218,57,3,'2019-10-14 16:11:56'),(219,57,4,'2019-10-14 16:12:35'),(220,58,1,'2019-10-14 16:17:52'),(221,59,1,'2019-10-14 16:18:11'),(222,58,2,'2019-10-14 16:18:58'),(223,59,2,'2019-10-14 16:19:17'),(224,59,3,'2019-10-14 16:19:44'),(225,58,3,'2019-10-14 16:19:52'),(226,58,4,'2019-10-14 16:20:25'),(227,59,4,'2019-10-14 16:21:02'),(228,60,1,'2019-10-14 18:06:42'),(229,61,1,'2019-10-14 18:06:56'),(230,62,1,'2019-10-14 18:07:15'),(231,63,1,'2019-10-14 18:07:48'),(232,60,2,'2019-10-14 18:08:05'),(233,61,2,'2019-10-14 18:08:10'),(234,62,2,'2019-10-14 18:08:14'),(235,60,3,'2019-10-14 18:08:57'),(236,62,3,'2019-10-14 18:09:01'),(237,61,3,'2019-10-14 18:09:08'),(238,63,2,'2019-10-14 18:09:15'),(239,63,3,'2019-10-14 18:09:26'),(240,64,1,'2019-10-14 18:10:06'),(241,63,5,'2019-10-14 18:10:25'),(242,65,1,'2019-10-14 18:10:49'),(243,65,2,'2019-10-14 18:11:18'),(244,64,2,'2019-10-14 18:11:22'),(245,65,3,'2019-10-14 18:11:29'),(246,64,3,'2019-10-14 18:11:47'),(247,36,4,'2019-10-14 18:14:16'),(248,60,4,'2019-10-14 18:14:23'),(249,61,4,'2019-10-14 18:14:29'),(250,62,4,'2019-10-14 18:14:34'),(251,66,1,'2019-10-14 18:15:26'),(252,66,2,'2019-10-14 18:15:49'),(253,66,3,'2019-10-14 18:15:56'),(254,65,4,'2019-10-14 18:16:21'),(255,46,2,'2019-10-14 18:17:01'),(256,67,1,'2019-10-14 18:18:46'),(257,67,2,'2019-10-14 18:19:03'),(258,67,1,'2019-10-14 18:19:20'),(259,68,1,'2019-10-14 18:20:37'),(260,68,2,'2019-10-14 18:20:52'),(261,64,4,'2019-10-14 18:21:20'),(262,68,3,'2019-10-14 18:21:34'),(263,68,4,'2019-10-14 18:22:06'),(264,67,2,'2019-10-14 18:23:03'),(265,67,1,'2019-10-14 18:25:11'),(266,69,1,'2019-10-15 09:43:42'),(267,70,1,'2019-10-15 09:44:15'),(268,71,1,'2019-10-15 09:46:01'),(269,71,2,'2019-10-15 09:46:31'),(270,71,3,'2019-10-15 09:46:38'),(271,70,2,'2019-10-15 09:47:11'),(272,70,3,'2019-10-15 09:47:34'),(273,70,4,'2019-10-15 09:48:04'),(274,71,4,'2019-10-15 09:48:36'),(275,72,1,'2019-10-15 09:55:03'),(276,73,1,'2019-10-15 09:55:27'),(277,74,1,'2019-10-15 09:56:06'),(278,75,1,'2019-10-15 09:56:29'),(279,72,2,'2019-10-15 09:57:10'),(280,73,2,'2019-10-15 09:57:14'),(281,74,2,'2019-10-15 09:57:18'),(282,75,2,'2019-10-15 09:57:21'),(283,73,3,'2019-10-15 09:58:13'),(284,72,3,'2019-10-15 09:58:18'),(285,76,1,'2019-10-15 09:58:46'),(286,75,3,'2019-10-15 09:59:03'),(287,74,3,'2019-10-15 09:59:09'),(288,76,2,'2019-10-15 09:59:23'),(289,76,3,'2019-10-15 10:00:00'),(290,76,4,'2019-10-15 10:00:17'),(291,74,4,'2019-10-15 10:00:38'),(292,73,4,'2019-10-15 10:00:45'),(293,72,4,'2019-10-15 10:00:53'),(294,75,4,'2019-10-15 10:01:04'),(295,77,1,'2019-10-15 10:12:15'),(296,78,1,'2019-10-15 10:13:10'),(297,77,2,'2019-10-15 10:13:33'),(298,78,2,'2019-10-15 10:13:52'),(299,78,3,'2019-10-15 10:14:23'),(300,77,3,'2019-10-15 10:14:31'),(301,77,4,'2019-10-15 10:15:27'),(302,78,4,'2019-10-15 10:15:50'),(303,79,1,'2019-10-15 15:49:35'),(304,80,1,'2019-10-15 15:50:40'),(305,81,1,'2019-10-15 15:51:10'),(306,82,1,'2019-10-15 15:52:34'),(307,82,2,'2019-10-15 15:53:01'),(308,82,3,'2019-10-15 15:53:10'),(309,81,2,'2019-10-15 15:53:39'),(310,81,3,'2019-10-15 15:53:45'),(311,80,2,'2019-10-15 15:54:02'),(312,80,3,'2019-10-15 15:54:10'),(313,82,4,'2019-10-15 15:54:29'),(314,81,4,'2019-10-15 15:54:33'),(315,80,4,'2019-10-15 15:54:36'),(316,83,1,'2019-10-15 16:50:38'),(317,83,2,'2019-10-15 16:51:00'),(318,83,3,'2019-10-15 16:51:15'),(319,83,4,'2019-10-15 17:02:14'),(320,84,1,'2019-10-15 17:06:31'),(321,84,2,'2019-10-15 17:09:54'),(322,84,3,'2019-10-15 17:10:35'),(323,85,1,'2019-10-15 17:15:04'),(324,85,2,'2019-10-15 17:15:24'),(325,85,3,'2019-10-15 17:16:13'),(326,85,4,'2019-10-15 17:16:30'),(327,86,1,'2019-10-16 09:51:14'),(328,86,2,'2019-10-16 09:51:48'),(329,86,3,'2019-10-16 09:56:47'),(330,86,4,'2019-10-16 09:57:23'),(331,87,1,'2019-10-16 13:54:28'),(332,87,2,'2019-10-16 13:54:48'),(333,87,3,'2019-10-16 13:54:56'),(334,87,4,'2019-10-16 13:55:18'),(335,45,6,'2019-10-17 00:00:02'),(336,47,6,'2019-10-17 00:00:02'),(337,49,6,'2019-10-17 00:00:02'),(338,50,6,'2019-10-17 00:00:02'),(339,51,6,'2019-10-17 00:00:02'),(340,44,6,'2019-10-17 00:00:02'),(341,46,6,'2019-10-17 00:00:02'),(342,48,6,'2019-10-17 00:00:02'),(343,66,4,'2019-10-17 11:34:59'),(344,88,1,'2019-10-17 11:36:57'),(345,88,2,'2019-10-17 11:37:19'),(346,88,3,'2019-10-17 11:37:43'),(347,88,4,'2019-10-17 12:21:29'),(348,89,1,'2019-10-17 18:27:19'),(349,89,2,'2019-10-17 18:27:38'),(350,89,3,'2019-10-17 18:28:14'),(351,84,4,'2019-10-17 18:28:43'),(352,89,4,'2019-10-17 18:29:00');
/*!40000 ALTER TABLE `th_dealings_process` ENABLE KEYS */;
UNLOCK TABLES;

--
-- Table structure for table `th_dealings_status_code`
--

DROP TABLE IF EXISTS `th_dealings_status_code`;
/*!40101 SET @saved_cs_client     = @@character_set_client */;
/*!40101 SET character_set_client = utf8 */;
CREATE TABLE `th_dealings_status_code` (
  `idx` int(11) unsigned NOT NULL AUTO_INCREMENT COMMENT 'th_dealings_status_code.PK idx',
  `dealing_status_order` int(11) unsigned NOT NULL COMMENT '거래 상태 순서',
  `dealings_status_name` varchar(30) NOT NULL COMMENT '거래상태명',
  `process_type` varchar(10) NOT NULL DEFAULT '거래' COMMENT '진행과정타입(거래/비거래)',
  PRIMARY KEY (`idx`),
  KEY `dealing_status_name` (`dealings_status_name`) USING BTREE
) ENGINE=InnoDB AUTO_INCREMENT=7 DEFAULT CHARSET=utf8 COMMENT='거래 상태 코드 테이블';
/*!40101 SET character_set_client = @saved_cs_client */;

--
-- Dumping data for table `th_dealings_status_code`
--

LOCK TABLES `th_dealings_status_code` WRITE;
/*!40000 ALTER TABLE `th_dealings_status_code` DISABLE KEYS */;
INSERT INTO `th_dealings_status_code` VALUES (1,1,'거래대기','거래'),(2,2,'결제대기','거래'),(3,3,'결제완료','거래'),(4,4,'거래완료','거래'),(5,5,'거래취소','일반'),(6,6,'거래삭제','일반');
/*!40000 ALTER TABLE `th_dealings_status_code` ENABLE KEYS */;
UNLOCK TABLES;

--
-- Table structure for table `th_dealings_user`
--

DROP TABLE IF EXISTS `th_dealings_user`;
/*!40101 SET @saved_cs_client     = @@character_set_client */;
/*!40101 SET character_set_client = utf8 */;
CREATE TABLE `th_dealings_user` (
  `idx` int(11) unsigned NOT NULL AUTO_INCREMENT COMMENT 'th_dealings_user.idx PK',
  `dealings_type` enum('구매','판매') NOT NULL COMMENT '거래종류(구매/판매)',
  `dealings_idx` int(11) unsigned NOT NULL COMMENT 'th_dealings.idx FK',
  `dealings_writer_idx` int(11) unsigned NOT NULL COMMENT 'dealings.members.idx FK 거래글 작성자 ',
  `dealings_member_idx` int(11) unsigned NOT NULL COMMENT 'dealings.members.idx FK 거래하는 사람',
  `dealings_status` int(11) unsigned NOT NULL COMMENT 'th_dealings_status_code.idx 거래상태 ',
  `dealings_date` date NOT NULL COMMENT '거래일자',
  PRIMARY KEY (`idx`),
  KEY `dealings_idx` (`dealings_idx`),
  KEY `dealings_writer_idx` (`dealings_writer_idx`),
  KEY `dealings_member_idx` (`dealings_member_idx`),
  KEY `dealings_status` (`dealings_status`)
) ENGINE=InnoDB AUTO_INCREMENT=80 DEFAULT CHARSET=utf8 COMMENT='거래 유저 정보';
/*!40101 SET character_set_client = @saved_cs_client */;

--
-- Dumping data for table `th_dealings_user`
--

LOCK TABLES `th_dealings_user` WRITE;
/*!40000 ALTER TABLE `th_dealings_user` DISABLE KEYS */;
INSERT INTO `th_dealings_user` VALUES (1,'구매',1,1,2,4,'2019-10-10'),(2,'구매',2,1,2,4,'2019-10-10'),(3,'판매',3,2,1,4,'2019-10-10'),(4,'판매',4,2,6,4,'2019-10-10'),(5,'판매',5,2,7,4,'2019-10-10'),(6,'판매',6,3,7,4,'2019-10-10'),(7,'구매',7,3,1,4,'2019-10-10'),(8,'판매',8,3,9,4,'2019-10-10'),(9,'판매',9,3,9,4,'2019-10-10'),(10,'판매',10,3,8,4,'2019-10-10'),(11,'판매',13,5,8,4,'2019-10-10'),(12,'구매',16,8,9,4,'2019-10-10'),(13,'구매',14,8,9,4,'2019-10-10'),(14,'판매',12,5,7,4,'2019-10-10'),(15,'판매',11,5,7,4,'2019-10-10'),(16,'판매',17,7,9,4,'2019-10-10'),(17,'판매',18,7,9,4,'2019-10-10'),(18,'구매',15,8,9,4,'2019-10-10'),(19,'판매',20,6,1,4,'2019-10-10'),(20,'판매',21,1,3,4,'2019-10-10'),(21,'판매',24,8,5,4,'2019-10-10'),(22,'판매',23,8,5,4,'2019-10-10'),(23,'판매',22,8,9,4,'2019-10-10'),(24,'판매',19,6,2,4,'2019-10-10'),(25,'판매',25,10,1,4,'2019-10-10'),(26,'판매',26,10,5,4,'2019-10-10'),(27,'판매',28,3,10,4,'2019-10-10'),(28,'구매',29,2,10,4,'2019-10-10'),(29,'판매',27,10,3,5,'2019-10-10'),(30,'구매',30,3,10,4,'2019-10-10'),(31,'구매',31,3,10,4,'2019-10-10'),(32,'구매',32,3,10,4,'2019-10-10'),(33,'구매',33,3,10,4,'2019-10-10'),(34,'구매',34,3,2,4,'2019-10-10'),(35,'구매',35,3,7,4,'2019-10-10'),(36,'판매',36,8,9,4,'2019-10-14'),(37,'판매',37,6,3,5,'2019-10-11'),(38,'판매',38,6,3,4,'2019-10-11'),(39,'판매',39,6,9,4,'2019-10-11'),(40,'판매',40,9,1,4,'2019-10-11'),(41,'판매',41,2,9,5,'2019-10-11'),(42,'구매',48,13,11,6,'2019-10-17'),(43,'판매',44,13,11,6,'2019-10-17'),(44,'구매',52,1,2,4,'2019-10-14'),(45,'구매',53,2,1,4,'2019-10-14'),(46,'구매',54,5,1,4,'2019-10-14'),(47,'판매',55,2,1,4,'2019-10-14'),(48,'판매',57,8,2,4,'2019-10-14'),(49,'구매',58,3,6,4,'2019-10-14'),(50,'구매',59,3,2,4,'2019-10-14'),(51,'구매',60,9,8,4,'2019-10-14'),(52,'구매',61,9,8,4,'2019-10-14'),(53,'구매',62,9,8,4,'2019-10-14'),(54,'판매',63,2,9,5,'2019-10-14'),(55,'판매',65,2,9,4,'2019-10-14'),(56,'판매',64,1,9,4,'2019-10-14'),(57,'판매',66,8,7,4,'2019-10-17'),(58,'판매',46,13,7,6,'2019-10-17'),(59,'판매',67,10,1,1,'2019-10-14'),(60,'구매',68,1,10,4,'2019-10-14'),(61,'판매',71,10,8,4,'2019-10-15'),(62,'판매',70,10,9,4,'2019-10-15'),(63,'구매',72,2,9,4,'2019-10-15'),(64,'구매',73,2,9,4,'2019-10-15'),(65,'구매',74,3,9,4,'2019-10-15'),(66,'구매',75,3,9,4,'2019-10-15'),(67,'구매',76,2,5,4,'2019-10-15'),(68,'구매',77,9,7,4,'2019-10-15'),(69,'구매',78,9,3,4,'2019-10-15'),(70,'판매',82,3,9,4,'2019-10-15'),(71,'판매',81,3,1,4,'2019-10-15'),(72,'판매',80,3,5,4,'2019-10-15'),(73,'판매',83,6,8,4,'2019-10-15'),(74,'구매',84,6,2,4,'2019-10-17'),(75,'판매',85,6,1,4,'2019-10-15'),(76,'구매',86,3,5,4,'2019-10-16'),(77,'판매',87,7,2,4,'2019-10-16'),(78,'판매',88,8,1,4,'2019-10-17'),(79,'구매',89,1,2,4,'2019-10-17');
/*!40000 ALTER TABLE `th_dealings_user` ENABLE KEYS */;
UNLOCK TABLES;

--
-- Table structure for table `th_event_history`
--

DROP TABLE IF EXISTS `th_event_history`;
/*!40101 SET @saved_cs_client     = @@character_set_client */;
/*!40101 SET character_set_client = utf8 */;
CREATE TABLE `th_event_history` (
  `idx` int(10) unsigned NOT NULL AUTO_INCREMENT COMMENT 'th_event_history.idx PK',
  `member_idx` int(10) unsigned NOT NULL COMMENT 'th_members.idx FK',
  `participate_date` date NOT NULL COMMENT '이벤트 최초 참여일자',
  `participate_datetime` datetime NOT NULL DEFAULT CURRENT_TIMESTAMP COMMENT '이벤트 최초 참여시각',
  `participate_count` int(11) NOT NULL COMMENT '이벤트 참여횟수',
  `event_cost` int(11) NOT NULL COMMENT '이벤트 금액',
  `event_type` enum('구매','판매') NOT NULL COMMENT '거래타입',
  PRIMARY KEY (`idx`),
  KEY `member_idx` (`member_idx`),
  KEY `dealings_type` (`event_type`)
) ENGINE=InnoDB AUTO_INCREMENT=12 DEFAULT CHARSET=utf8 COMMENT='이벤트 히스토리';
/*!40101 SET character_set_client = @saved_cs_client */;

--
-- Dumping data for table `th_event_history`
--

LOCK TABLES `th_event_history` WRITE;
/*!40000 ALTER TABLE `th_event_history` DISABLE KEYS */;
INSERT INTO `th_event_history` VALUES (1,1,'2019-10-14','2019-10-14 16:06:25',1,4000,'구매'),(2,2,'2019-10-14','2019-10-14 16:06:25',5,50500,'판매'),(3,3,'2019-10-14','2019-10-14 16:20:25',2,16000,'구매'),(4,6,'2019-10-14','2019-10-14 16:20:25',3,24000,'판매'),(5,8,'2019-10-14','2019-10-14 18:14:16',6,100000,'판매'),(6,1,'2019-10-14','2019-10-14 18:21:20',1,18000,'판매'),(7,10,'2019-10-14','2019-10-14 18:22:06',2,23000,'판매'),(8,5,'2019-10-15','2019-10-15 10:00:17',2,21500,'판매'),(9,9,'2019-10-15','2019-10-15 10:00:38',4,52000,'판매'),(10,7,'2019-10-15','2019-10-15 10:15:27',2,20500,'판매'),(11,3,'2019-10-15','2019-10-15 10:15:50',4,33500,'판매');
/*!40000 ALTER TABLE `th_event_history` ENABLE KEYS */;
UNLOCK TABLES;

--
-- Table structure for table `th_member_activity_history`
--

DROP TABLE IF EXISTS `th_member_activity_history`;
/*!40101 SET @saved_cs_client     = @@character_set_client */;
/*!40101 SET character_set_client = utf8 */;
CREATE TABLE `th_member_activity_history` (
  `idx` int(11) unsigned NOT NULL AUTO_INCREMENT COMMENT 'th_member_activity_history.idx PK',
  `member_idx` int(11) unsigned NOT NULL COMMENT 'th_member.idx PK',
  `grade_code` int(11) unsigned DEFAULT NULL COMMENT 'th_member_grades.grade_code FK',
  `change_datetime` datetime DEFAULT NULL COMMENT '변동시각\n',
  `change_memo` text COMMENT '변동사유',
  PRIMARY KEY (`idx`),
  KEY `member_idx` (`member_idx`,`grade_code`)
) ENGINE=InnoDB DEFAULT CHARSET=utf8 COMMENT='회원 활동 이력 테이블';
/*!40101 SET character_set_client = @saved_cs_client */;

--
-- Dumping data for table `th_member_activity_history`
--

LOCK TABLES `th_member_activity_history` WRITE;
/*!40000 ALTER TABLE `th_member_activity_history` DISABLE KEYS */;
/*!40000 ALTER TABLE `th_member_activity_history` ENABLE KEYS */;
UNLOCK TABLES;

--
-- Table structure for table `th_member_grades`
--

DROP TABLE IF EXISTS `th_member_grades`;
/*!40101 SET @saved_cs_client     = @@character_set_client */;
/*!40101 SET character_set_client = utf8 */;
CREATE TABLE `th_member_grades` (
  `grade_code` int(11) unsigned NOT NULL AUTO_INCREMENT COMMENT 'th_member_grades.PK',
  `grade_order` int(11) unsigned NOT NULL DEFAULT '1' COMMENT '등급순서(가장 낮은 회원은 1번이어함)',
  `grade_name` varchar(30) DEFAULT NULL COMMENT '등급명',
  `taget_point` int(11) DEFAULT '0' COMMENT '목표 포인트',
  PRIMARY KEY (`grade_code`),
  KEY `grade_name` (`grade_name`)
) ENGINE=InnoDB AUTO_INCREMENT=9 DEFAULT CHARSET=utf8 COMMENT='회원 등급 테이블';
/*!40101 SET character_set_client = @saved_cs_client */;

--
-- Dumping data for table `th_member_grades`
--

LOCK TABLES `th_member_grades` WRITE;
/*!40000 ALTER TABLE `th_member_grades` DISABLE KEYS */;
INSERT INTO `th_member_grades` VALUES (3,1,'Lv1',0),(4,2,'Lv2',10),(5,3,'Lv3',50),(6,4,'Lv4',150),(7,5,'Lv5',500),(8,6,'Lv6',1500);
/*!40000 ALTER TABLE `th_member_grades` ENABLE KEYS */;
UNLOCK TABLES;

--
-- Table structure for table `th_member_virtual_account`
--

DROP TABLE IF EXISTS `th_member_virtual_account`;
/*!40101 SET @saved_cs_client     = @@character_set_client */;
/*!40101 SET character_set_client = utf8 */;
CREATE TABLE `th_member_virtual_account` (
  `idx` int(11) unsigned NOT NULL AUTO_INCREMENT,
  `member_idx` int(11) unsigned NOT NULL COMMENT 'th_members.idx FK',
  `virtual_account_no` varchar(90) NOT NULL COMMENT '가상계좌번호',
  `bank_name` varchar(30) NOT NULL COMMENT '가상계좌 은행명',
  PRIMARY KEY (`idx`),
  KEY `member_account_idx` (`member_idx`,`bank_name`)
) ENGINE=InnoDB AUTO_INCREMENT=18 DEFAULT CHARSET=utf8 COMMENT='회원 가상 계좌 정보 테이블';
/*!40101 SET character_set_client = @saved_cs_client */;

--
-- Dumping data for table `th_member_virtual_account`
--

LOCK TABLES `th_member_virtual_account` WRITE;
/*!40000 ALTER TABLE `th_member_virtual_account` DISABLE KEYS */;
INSERT INTO `th_member_virtual_account` VALUES (1,1,'TSPzRw/Fn86mYg86NqTLEA==','기업은행'),(2,2,'uOOa8o6nnVbk15CnR7VRgw==','우리은행'),(3,6,'w8GPHfmPHj1vtXkJlPb6YQ==','외환은행'),(4,7,'tyWSyx55IpW1ekEnmrVVJw==','신한은행'),(5,9,'s+LSX6CX+Ek9jn26Ihq6CA==','국민은행'),(6,5,'PHi3qJPR8PehixDGw3xDFw==','신한은행'),(7,8,'+LQNJhL7ceMSCQqoaIIqSw==','우리은행'),(8,1,'/lVYvXJNvG8t0t6D12x/Yw==','신한은행'),(9,1,'2s4G1GbF3mTqit11IUUsgw==','우체국'),(10,3,'/Rd6db6Hr95gpwWSj1tqZA==','부산은행'),(11,9,'h75/68sQ4Ksfp3orpBoeYg==','카카오뱅크'),(12,9,'eVAiasDtjOrGvn0V9F01EQ==','우체국'),(13,3,'ZBjAK4qbJ2jYcsD+lOBppA==','기업은행'),(14,3,'MRdv3D32SdeUP2ORGdQsDg==','우리은행'),(15,3,'XcPYwv35wqox097T8W5PrA==','국민은행'),(16,7,'gxyIvIkH1XdQKDFxs3d9QA==','부산은행'),(17,1,'d3YIPZPy6nj/e50gfXn6Qw==','카카오뱅크');
/*!40000 ALTER TABLE `th_member_virtual_account` ENABLE KEYS */;
UNLOCK TABLES;

--
-- Table structure for table `th_members`
--

DROP TABLE IF EXISTS `th_members`;
/*!40101 SET @saved_cs_client     = @@character_set_client */;
/*!40101 SET character_set_client = utf8 */;
CREATE TABLE `th_members` (
  `idx` int(11) unsigned NOT NULL AUTO_INCREMENT COMMENT 'th_members.pk',
  `id` varchar(50) NOT NULL COMMENT '아이디',
  `grade_code` int(11) unsigned NOT NULL COMMENT '일반회원 등급',
  `password` varchar(255) NOT NULL COMMENT '패스워드',
  `email` varchar(70) NOT NULL COMMENT '이메일',
  `name` varchar(40) NOT NULL COMMENT '이름',
  `phone` varchar(40) NOT NULL COMMENT '연락처',
  `sex` char(1) NOT NULL DEFAULT 'M' COMMENT '성별(M:남자, W:여자)',
  `birth` varchar(70) NOT NULL COMMENT '생년월일',
  `join_date` date NOT NULL COMMENT '최초가입일자',
  `join_approval_date` date DEFAULT NULL COMMENT '가입승인일자',
  `withdraw_date` date DEFAULT NULL COMMENT '탈퇴일',
  `modify_date` date DEFAULT NULL COMMENT '회원정보 수정일자',
  `forcedEviction_date` date DEFAULT NULL COMMENT '강제탈퇴일자',
  `is_forcedEviction` char(1) DEFAULT 'N' COMMENT '강제탈퇴여부 : 강제탈퇴가 될 경우 ''Y''로 변경 후 등급 컬럼은 가장 하위 등급으로 할 것.',
  `mileage` int(11) NOT NULL DEFAULT '0' COMMENT '회원 마일리지',
  `point` int(11) NOT NULL DEFAULT '0' COMMENT '포인트',
  `account_no` varchar(150) DEFAULT NULL COMMENT '계좌번호',
  `account_bank` varchar(20) DEFAULT NULL COMMENT '계좌은행명',
  PRIMARY KEY (`idx`),
  UNIQUE KEY `phone` (`phone`) USING BTREE,
  UNIQUE KEY `email` (`email`) USING BTREE,
  UNIQUE KEY `id` (`id`) USING BTREE,
  KEY `join_approval_date` (`join_approval_date`),
  KEY `withdraw_date` (`withdraw_date`),
  KEY `birth` (`birth`),
  KEY `grade_code` (`grade_code`),
  KEY `name` (`name`),
  KEY `forcedEviction_date` (`forcedEviction_date`)
) ENGINE=InnoDB AUTO_INCREMENT=16 DEFAULT CHARSET=utf8mb4 COMMENT='아이엠아이 회원 관리 테이블 ';
/*!40101 SET character_set_client = @saved_cs_client */;

--
-- Dumping data for table `th_members`
--

LOCK TABLES `th_members` WRITE;
/*!40000 ALTER TABLE `th_members` DISABLE KEYS */;
INSERT INTO `th_members` VALUES (1,'lastride25',3,'$2y$10$8542ma1p2WyZ0i0IpyF1peu3jd6RxALSqfM8VKGYsfSd.dy9MYI5.','TZyWyaWbp2e/JNXd+dOnmtg51U4l2m/cDGYAACel5GY=','tCWfyYTqg+jl5uo6IQGb3w==','fTyhzNgh165I1AetK2y0cg==','M','WX20D1e83BUw3CxzUcThyA==','2019-10-05','2019-10-05',NULL,'2019-10-14',NULL,'N',578760,0,'8lSSFxxHLdrP7xN0ks+AzA==','기업은행'),(2,'ceman08071039',3,'$2y$10$d1QZMTm9Y3ApIs5PEfkYjujRFOdcV2AweS/iP0tfv9W1zOMOTDIyq','/PrIaha5GPWR7p/aV0RMSDZqipsqFOsim5X4k59b4jw=','mjyksMfSoRFTJULt7XxW2A==','P9RLAQ3flFuoiNGaksFkGg==','W','1UjC5BM183f778Vr5ZcUvQ==','2019-10-05','2019-10-05',NULL,'2019-10-05',NULL,'N',358100,0,NULL,NULL),(3,'test',3,'$2y$10$JQ1fdzUqMFBnh3KyFI4B2.yFiCreAKtEspWFMGkzSLDSetrxCTdWS','kDiI+JATXXAaGPEt1ZarFNWtSy9Vek/39dDirjCZcwM=','oKckCqiHhMwzAUCuiX9fWQ==','wVNwOrbZD3QosfTPad98NA==','W','fawnLYSl03mQtcyh/2PcgA==','2019-10-08','2019-10-08',NULL,'2019-10-08',NULL,'N',698500,0,'BC5fa7EXPE0EjXOePngG5A==','외환은행'),(4,'test1',3,'$2y$10$0WzQ1lV5cE1Oy0mk1v772.4apPGJvBPkSrBEu4LENoseoK2XnxSXu','vt//+R08ww9Cbqqmg5ufug4gzgq4gJEcWFi6ZAGKiCc=','f5Zomwx4EE2BKEWbPzuKXA==','0j62zD9p3j1VtTDSJhXljw==','M','ZitTB0QsoFXrxI3wXYs8fg==','2019-10-08',NULL,NULL,NULL,NULL,'N',0,0,NULL,NULL),(5,'infocean',3,'$2y$10$qTNOQqvEtTMOxw2vfUD1Ae9rfGX0laJXwaYnMl6XmDK58yyZc2vLm','6JnX+kUFOeQ2ySHmkd/wanyqMtP6T6cpxipxbNyNvEs=','f5Zomwx4EE2BKEWbPzuKXA==','dLGP4XwcihbQ2es+Lremlw==','M','ZitTB0QsoFXrxI3wXYs8fg==','2019-10-08','2019-10-08',NULL,NULL,NULL,'N',661500,0,NULL,NULL),(6,'test2',3,'$2y$10$nAuEj3loYOpNq44JVP5OdOXaiX4enmSuLx09ezzfpG7FVmj4WyDjq','NpahR7IpMeXV70onc+GfwSiOfea8wkzS8b+jtNDaeIQ=','MzPhRYI7KIr/jmWC1c6eQA==','BGUju+w1WrnMGCyoK+uxjw==','M','0MLwPMbPrq/c/3yGeeBV4Q==','2019-10-08','2019-10-08',NULL,NULL,NULL,'N',640500,0,NULL,NULL),(7,'newmember',3,'$2y$10$vU2RcyDBsdREXMfxPfR7MuEb0ku6OIXTkf/GLYMwNlNXVGJYIuMFu','AZMLeU9vu198GDlY3Wii05sGIcjVPA2IMkgYLqmP4Qg=','FAiaT7Ez5h2e1Xd7JWVn6w==','F3QVTz3wqhRN63xuTaUuVQ==','W','tUr5i9suUfHXf+8VdMIlxg==','2019-10-08','2019-10-08',NULL,NULL,NULL,'N',670500,0,NULL,NULL),(8,'test9',3,'$2y$10$t2X45bWUcBYns/YGetkKUOfn7hzNG03.UALZUoBsbTbo4NiOawVgi','PkWHTXcH6pJMtG+QYQSh9FRNJgIBLVYgNPPWpjG9ibA=','toD0np1M6+kfqeP9KdXu7g==','6DB3104I22fmxC0BqkRtEA==','W','HBn4bxMeL3ZvmSNj/oeGQw==','2019-10-08','2019-10-08',NULL,NULL,NULL,'N',985000,0,NULL,NULL),(9,'test3',3,'$2y$10$L4NcTJvmSlAkwsTR4guB9.2glnaGoosB7USjWSNl48adeW9gAnbfa','kC5Tmn7vnSTHl8kJnfOT8kO7akxa2kNPWNnce8r0ZjY=','zC3GNMvbtsgeHwOWhEpenA==','mkLLwkbSjmJGH0y9FjKQXA==','M','Ro2bTRcOKesX01whzSSwjQ==','2019-10-10','2019-10-10',NULL,NULL,NULL,'N',1168000,0,NULL,NULL),(10,'test4',3,'$2y$10$MbegCuK4J29dBKrLQJXmj.JraGTqRYW1Q.MPn3e9lLclSpUdWfEfe','MlSzcTTsb5H0vRCJ3Z8zuhv7lB6G6Almcr8igBhYkBw=','upZgMIeFYUkjRZs8jzq6fg==','8TQDXutuzzIj/4z8mlb65w==','W','9y2DMJxTVvZomUEBPygpjA==','2019-10-10','2019-10-10',NULL,NULL,NULL,'N',629000,0,NULL,NULL),(11,'test1111',3,'$2y$10$OxdDe0DYoseY7VgcXsSMeuU.LK7eo2ztHOLrLRI1sUCweanoxCfkm','AimJlbO8hNhXWmXmDVIv3grWqVaPiAUUzERc+XqYyKg=','zamGgCMgVcXaBHU4oeTF5A==','xtGJgZNw+Xn5XsdyQ1k/9w==','M','kvXXAkl5zZu4Brrgc9cUFQ==','2019-10-11','2019-10-11',NULL,NULL,NULL,'N',0,0,NULL,NULL),(12,'asdf',3,'$2y$10$v0YNTHzRVcc5VFc/7u./G.hqm86lsDnULa6RTRV09KmrKBjyTvNny','zxNmgKWaaNGLC54FoCdRZ8QEf1WTQcVne/BeayXkaxw=','U0GFo3bK7RqhRJEiCp24lA==','Ee9Zk1+riQzpLXLLG91oSw==','M','c9Ee+CYfRNTe9gqWW9gkwQ==','2019-10-11','2019-10-11',NULL,NULL,NULL,'N',0,0,NULL,NULL),(13,'reddust',3,'$2y$10$TkbVdy/mPeA0etgjPiB5cuszYZSBcL39vLPl3RuzAdm1KQrw5T9ca','2Ovx5bD3bPTAQzlPy4HndGAGFb6j6yrbJkSS61b9bmU=','d6x0pkvaAoYJnxmfymhI/A==','nNOQnF2HTfePHE2eNk0USw==','M','tlTJMwp4sGB1z5IuG0CLOg==','2019-10-11','2019-10-11',NULL,NULL,NULL,'N',0,0,'Y7FOsLJf5LaV0gqQUoR3jA==','국민은행'),(14,'js7777',3,'$2y$10$Gtl6o8nRMQc/4ZBo9Rmzzu9mm9CiaBQdltFItwvQRQowRNOt7cKne','PiP657vrY0P7xzAIZYBuzYHYUpIcoairxVqh4hpM7wY=','nrXPSd6lKTC9Bh/tCzYrxw==','I7uWu8ustHhGmyoaWEwrjw==','M','Rxd14cHly2oiBHkTJOcZYw==','2019-10-11','2019-10-11',NULL,NULL,NULL,'N',0,0,NULL,NULL),(15,'js8888',3,'$2y$10$vYRJRjv/guJSYKkqqRV7ruYDNVWn2COgIx.ErxCpLu9G/jkvusdKC','Yo8y5dzG1FWEnOgFbkhfFLg1MifEbbhdt01ACOdUuEc=','2JGg6RvoT25h7SfLer0yoQ==','jytoFUW1Pzr/46uF5fovwg==','M','R3sVVNpQJL5DvFlnGvY53g==','2019-10-11','2019-10-11',NULL,NULL,NULL,'N',0,0,NULL,NULL);
/*!40000 ALTER TABLE `th_members` ENABLE KEYS */;
UNLOCK TABLES;

--
-- Table structure for table `th_mileage`
--

DROP TABLE IF EXISTS `th_mileage`;
/*!40101 SET @saved_cs_client     = @@character_set_client */;
/*!40101 SET character_set_client = utf8 */;
CREATE TABLE `th_mileage` (
  `idx` int(11) unsigned NOT NULL AUTO_INCREMENT COMMENT 'th_mileage.PK',
  `priority` int(11) unsigned NOT NULL COMMENT '마일리지 차감 우선순위 ',
  `charge_taget_name` varchar(50) NOT NULL COMMENT '충전대상',
  `expiration_day` int(11) NOT NULL COMMENT '유효기간',
  `period` varchar(10) DEFAULT NULL COMMENT '주기(''월'',''일'',년'' 선택)',
  `is_out` char(1) NOT NULL DEFAULT 'N' COMMENT '출금여부(default: ''N'', ''Y'')',
  `is_unldealingst_period` char(1) DEFAULT 'N' COMMENT '유효기간을 두지 않는 여부(default: ''N'')',
  PRIMARY KEY (`idx`),
  UNIQUE KEY `priority` (`priority`),
  KEY `charge_name` (`charge_taget_name`)
) ENGINE=InnoDB AUTO_INCREMENT=10 DEFAULT CHARSET=utf8 COMMENT='마일리지 기본정보 테이블';
/*!40101 SET character_set_client = @saved_cs_client */;

--
-- Dumping data for table `th_mileage`
--

LOCK TABLES `th_mileage` WRITE;
/*!40000 ALTER TABLE `th_mileage` DISABLE KEYS */;
INSERT INTO `th_mileage` VALUES (1,3,'신용카드',5,'month','N','N'),(2,2,'휴대전화',4,'month','N','N'),(3,1,'문화상품권',2,'month','N','N'),(5,4,'가상계좌',0,'none','Y','Y'),(7,5,'거래',0,'none','N','Y'),(8,6,'이벤트',0,'none','N','N');
/*!40000 ALTER TABLE `th_mileage` ENABLE KEYS */;
UNLOCK TABLES;

--
-- Table structure for table `th_mileage_change`
--

DROP TABLE IF EXISTS `th_mileage_change`;
/*!40101 SET @saved_cs_client     = @@character_set_client */;
/*!40101 SET character_set_client = utf8 */;
CREATE TABLE `th_mileage_change` (
  `idx` int(11) unsigned NOT NULL AUTO_INCREMENT COMMENT 'th_mileage_change PK',
  `member_idx` int(11) unsigned NOT NULL COMMENT 'th_members.idx FK',
  `mileage_idx` int(11) unsigned NOT NULL COMMENT 'th_mileage.idx PK',
  `charge_idx` int(11) unsigned NOT NULL COMMENT 'th_mileage_charge_acount.idx FK',
  `charge_cost` int(11) NOT NULL COMMENT '사용금액',
  `charge_status` int(11) unsigned NOT NULL COMMENT '결제상태',
  `charge_account_no` varchar(100) DEFAULT NULL COMMENT '출금고유번호(핸드폰,상품권 고유번호)',
  `charge_infomation` varchar(80) DEFAULT NULL COMMENT '출금정보(입금은행,통신사 등)',
  `process_date` date NOT NULL COMMENT '처리일자',
  `charge_name` varchar(30) NOT NULL COMMENT '출금자',
  PRIMARY KEY (`idx`),
  KEY `member_idx` (`member_idx`),
  KEY `mileage_idx` (`mileage_idx`),
  KEY `charge_idx` (`charge_idx`),
  KEY `charge_status` (`charge_status`),
  KEY `charge_account_no` (`charge_account_no`)
) ENGINE=InnoDB AUTO_INCREMENT=15 DEFAULT CHARSET=utf8 COMMENT='마일리지 변동내역 테이블';
/*!40101 SET character_set_client = @saved_cs_client */;

--
-- Dumping data for table `th_mileage_change`
--

LOCK TABLES `th_mileage_change` WRITE;
/*!40000 ALTER TABLE `th_mileage_change` DISABLE KEYS */;
INSERT INTO `th_mileage_change` VALUES (1,1,5,1,50000,2,'TSPzRw/Fn86mYg86NqTLEA==','기업은행','2019-10-10','이태희'),(2,1,5,5,1000,2,'TSPzRw/Fn86mYg86NqTLEA==','기업은행','2019-10-10','이태희'),(3,1,5,6,1000,2,'TSPzRw/Fn86mYg86NqTLEA==','기업은행','2019-10-10','이태희'),(4,1,5,7,8000,2,'TSPzRw/Fn86mYg86NqTLEA==','기업은행','2019-10-10','이태희'),(5,1,5,7,2000,2,'TSPzRw/Fn86mYg86NqTLEA==','기업은행','2019-10-10','이태희'),(6,1,5,8,8000,2,'TSPzRw/Fn86mYg86NqTLEA==','기업은행','2019-10-10','이태희'),(7,1,5,91,1000,2,'TSPzRw/Fn86mYg86NqTLEA==','기업은행','2019-10-14','이태희'),(8,1,5,91,1000,2,'TSPzRw/Fn86mYg86NqTLEA==','기업은행','2019-10-14','이태희'),(9,1,5,91,1000,2,'TSPzRw/Fn86mYg86NqTLEA==','기업은행','2019-10-14','이태희'),(10,1,5,91,1000,2,'TSPzRw/Fn86mYg86NqTLEA==','기업은행','2019-10-14','이태희');
/*!40000 ALTER TABLE `th_mileage_change` ENABLE KEYS */;
UNLOCK TABLES;

--
-- Table structure for table `th_mileage_charge`
--

DROP TABLE IF EXISTS `th_mileage_charge`;
/*!40101 SET @saved_cs_client     = @@character_set_client */;
/*!40101 SET character_set_client = utf8 */;
CREATE TABLE `th_mileage_charge` (
  `idx` int(11) unsigned NOT NULL AUTO_INCREMENT COMMENT 'th_mileage_charge.PK',
  `member_idx` int(11) unsigned NOT NULL COMMENT 'th_members.idx FK',
  `mileage_idx` int(11) unsigned NOT NULL COMMENT 'th_mileage.idx FK',
  `charge_date` date NOT NULL COMMENT '충전일자',
  `expiration_date` date DEFAULT NULL COMMENT '유효기간 만료일',
  `is_expiration` char(1) NOT NULL DEFAULT 'N' COMMENT '유효기간 만료여부',
  `charge_cost` int(11) NOT NULL COMMENT '충전금액',
  `spare_cost` int(11) NOT NULL COMMENT '남은 마일리지',
  `use_cost` int(11) NOT NULL DEFAULT '0' COMMENT '사용금액',
  `charge_status` int(11) unsigned NOT NULL COMMENT '충전상태',
  `charge_infomation` varchar(80) NOT NULL COMMENT '충전정보(입근은행,통신사 등)',
  `charge_account_no` varchar(255) NOT NULL COMMENT '충전고유번호(핸드폰,상품권,신용카드)',
  `charge_name` varchar(30) NOT NULL COMMENT '충전자',
  PRIMARY KEY (`idx`),
  KEY `expiration_date` (`expiration_date`),
  KEY `fk_mileage_code_charge_status` (`charge_status`),
  KEY `member_idx` (`member_idx`),
  KEY `mileage_idx` (`mileage_idx`),
  KEY `charge_date` (`charge_date`),
  KEY `charge_account_no` (`charge_account_no`)
) ENGINE=InnoDB AUTO_INCREMENT=244 DEFAULT CHARSET=utf8 COMMENT='마일리지 충전(결제) 내역 테이블';
/*!40101 SET character_set_client = @saved_cs_client */;

--
-- Dumping data for table `th_mileage_charge`
--

LOCK TABLES `th_mileage_charge` WRITE;
/*!40000 ALTER TABLE `th_mileage_charge` DISABLE KEYS */;
INSERT INTO `th_mileage_charge` VALUES (1,1,5,'2019-10-10',NULL,'N',50000,0,50000,6,'기업은행','TSPzRw/Fn86mYg86NqTLEA==','이태희'),(2,1,1,'2019-10-10','2020-03-10','N',10000,0,10000,6,'삼성','YlcBMOIFaJSCbpT254BcznBDYukoPES3OYSIx/uKuRc=','이태희'),(3,1,2,'2019-10-10','2020-02-10','N',10000,0,10000,6,'KT','fTyhzNgh165I1AetK2y0cg==','이태희'),(4,1,3,'2019-10-10','2019-12-10','N',10000,0,10000,6,'문화상품권','yWO6e5FAFSDJyeqqFaceCCAsbXF+YLRiGKInFWtvjKs=','이태희'),(5,1,5,'2019-10-10',NULL,'N',1000,0,1000,6,'기업은행','TSPzRw/Fn86mYg86NqTLEA==','이태희'),(6,1,5,'2019-10-10',NULL,'N',1000,0,1000,6,'기업은행','TSPzRw/Fn86mYg86NqTLEA==','이태희'),(7,1,5,'2019-10-10',NULL,'N',10000,0,10000,6,'기업은행','TSPzRw/Fn86mYg86NqTLEA==','이태희'),(8,1,5,'2019-10-10',NULL,'N',10000,0,10000,6,'기업은행','TSPzRw/Fn86mYg86NqTLEA==','이태희'),(9,1,5,'2019-10-10',NULL,'N',100000,0,100000,6,'기업은행','TSPzRw/Fn86mYg86NqTLEA==','이태희'),(10,2,7,'2019-10-10',NULL,'N',82000,0,82000,6,'아이엠아이','vE2mwFjCuU+w3za5NHIyiE7/BL7Xla/kJxHTUwPzR6sD6ZdliarfbcSltQ6DEQe0','관리자'),(11,2,7,'2019-10-10',NULL,'N',41000,0,41000,6,'아이엠아이','vE2mwFjCuU+w3za5NHIyiIbBO8HcFVpvoROM52s0OQfdHwOHcTW7i8OMqkRiYZxg9X0dQZaGY0KKQowNCz1SM5OlZqd4BETlQcoqgT36ADt6xw5EMnudFsWfdr9LAznw','관리자'),(12,1,8,'2019-10-10',NULL,'N',4000,4000,0,3,'아이엠아이','vE2mwFjCuU+w3za5NHIyiIbBO8HcFVpvoROM52s0OQfdHwOHcTW7i8OMqkRiYZxg9X0dQZaGY0KKQowNCz1SM5OlZqd4BETlQcoqgT36ADuck29cGP9yFRUlIHWoLcLU','관리자'),(13,2,5,'2019-10-10',NULL,'N',100000,0,100000,6,'우리은행','uOOa8o6nnVbk15CnR7VRgw==','박수미'),(14,2,7,'2019-10-10',NULL,'N',8100,0,8100,6,'아이엠아이','dVoelaaT0uSGVexKOoWv88+p9ukeL+P49dtlLdwWQx4fLO3Gp/1Xzxw6CoVJyBdB','관리자'),(15,1,8,'2019-10-10',NULL,'N',360,360,0,3,'아이엠아이','dVoelaaT0uSGVexKOoWv88+p9ukeL+P49dtlLdwWQx6SdQVEEsdvTwk7gPdpWXioPS6YjzKrR/R5VEnfqYF48g==','관리자'),(16,6,5,'2019-10-10',NULL,'N',100000,50000,50000,3,'외환은행','w8GPHfmPHj1vtXkJlPb6YQ==','최장은'),(17,6,5,'2019-10-10',NULL,'N',100000,100000,0,3,'외환은행','w8GPHfmPHj1vtXkJlPb6YQ==','최장은'),(18,6,5,'2019-10-10',NULL,'N',100000,90000,10000,3,'외환은행','w8GPHfmPHj1vtXkJlPb6YQ==','최장은'),(19,2,7,'2019-10-10',NULL,'N',47500,0,47500,6,'아이엠아이','E/dV8lupKEpQy9O90O/PgJOtZVJiY7VG52OEUXqTfbK9E8oai6subsgB45VYlP6tNqdxOfU3QyyBv65wfjg4Ow==','관리자'),(20,6,8,'2019-10-10',NULL,'N',500,500,0,3,'아이엠아이','E/dV8lupKEpQy9O90O/PgJOtZVJiY7VG52OEUXqTfbK9E8oai6subsgB45VYlP6tq3PvUrvAM6xM5nR0o+MofkvszbsteTUt1axa/6m+TZk=','관리자'),(21,7,5,'2019-10-10',NULL,'N',100000,0,100000,6,'신한은행','tyWSyx55IpW1ekEnmrVVJw==','유진주'),(22,7,5,'2019-10-10',NULL,'N',100000,0,100000,6,'신한은행','tyWSyx55IpW1ekEnmrVVJw==','유진주'),(23,7,5,'2019-10-10',NULL,'N',100000,0,100000,6,'신한은행','tyWSyx55IpW1ekEnmrVVJw==','유진주'),(24,7,5,'2019-10-10',NULL,'N',100000,0,100000,6,'신한은행','tyWSyx55IpW1ekEnmrVVJw==','유진주'),(25,7,5,'2019-10-10',NULL,'N',50000,0,50000,6,'신한은행','tyWSyx55IpW1ekEnmrVVJw==','유진주'),(26,2,7,'2019-10-10',NULL,'N',100000,0,100000,6,'아이엠아이','vE2mwFjCuU+w3za5NHIyiE7/BL7Xla/kJxHTUwPzR6sYwY/vsJAqxNAhNlMHWFb0','관리자'),(27,7,8,'2019-10-10',NULL,'N',8000,8000,0,3,'아이엠아이','vE2mwFjCuU+w3za5NHIyiE7/BL7Xla/kJxHTUwPzR6u1aMnd51fu0im0wCWE0No2WbPBhfPJGQ2fchEjhr5olQ==','관리자'),(28,3,7,'2019-10-10',NULL,'N',100000,32000,68000,3,'아이엠아이','vE2mwFjCuU+w3za5NHIyiPnDP6k+usONuDBNJwvT7xD/n83mxZbV4uozqOvlXCg6cbs72UvQulLx4czl263kdEOLzP6e+xm4C5S8vLAGpo8=','관리자'),(29,7,8,'2019-10-10',NULL,'N',8000,8000,0,3,'아이엠아이','vE2mwFjCuU+w3za5NHIyiPnDP6k+usONuDBNJwvT7xD/n83mxZbV4uozqOvlXCg6cbs72UvQulLx4czl263kdPkJ2pp3BAt9a9Egw22NMCacETqf1AlwLjDxHmVCShBy','관리자'),(30,9,5,'2019-10-10',NULL,'N',100000,0,100000,6,'국민은행','s+LSX6CX+Ek9jn26Ihq6CA==','문수인'),(31,9,5,'2019-10-10',NULL,'N',100000,0,100000,6,'국민은행','s+LSX6CX+Ek9jn26Ihq6CA==','문수인'),(32,9,5,'2019-10-10',NULL,'N',100000,0,100000,6,'국민은행','s+LSX6CX+Ek9jn26Ihq6CA==','문수인'),(33,9,5,'2019-10-10',NULL,'N',100000,0,100000,6,'국민은행','s+LSX6CX+Ek9jn26Ihq6CA==','문수인'),(34,9,5,'2019-10-10',NULL,'N',100000,0,100000,6,'국민은행','s+LSX6CX+Ek9jn26Ihq6CA==','문수인'),(35,9,5,'2019-10-10',NULL,'N',100000,0,100000,6,'국민은행','s+LSX6CX+Ek9jn26Ihq6CA==','문수인'),(36,9,5,'2019-10-10',NULL,'N',100000,0,100000,6,'국민은행','s+LSX6CX+Ek9jn26Ihq6CA==','문수인'),(37,9,5,'2019-10-10',NULL,'N',100000,0,100000,6,'국민은행','s+LSX6CX+Ek9jn26Ihq6CA==','문수인'),(38,9,5,'2019-10-10',NULL,'N',100000,0,100000,6,'국민은행','s+LSX6CX+Ek9jn26Ihq6CA==','문수인'),(39,9,5,'2019-10-10',NULL,'N',100000,0,100000,6,'국민은행','s+LSX6CX+Ek9jn26Ihq6CA==','문수인'),(40,3,7,'2019-10-10',NULL,'N',82000,0,82000,6,'아이엠아이','vE2mwFjCuU+w3za5NHIyiOdKdlM14D63FSDctHQLF81SRbZdzD7uFf0/kKmWtxuqLHV7tTZrZ1l7uT7rENbbO5fxGBvP9nqgqXLZiMAu9PGAICgYOQcIRZcuxdiqF1ZO','관리자'),(41,9,8,'2019-10-10',NULL,'N',8000,8000,0,3,'아이엠아이','vE2mwFjCuU+w3za5NHIyiOdKdlM14D63FSDctHQLF81SRbZdzD7uFf0/kKmWtxuqLHV7tTZrZ1l7uT7rENbbO5fxGBvP9nqgqXLZiMAu9PE9OUPZag/nA0vaD/h0u32Qy8NBEu7jbbleBkqb/mCw2Q==','관리자'),(42,3,7,'2019-10-10',NULL,'N',95000,0,95000,6,'아이엠아이','E/dV8lupKEpQy9O90O/PgI2OSNA5nsotVjp2CMixol0UlPGbSdwOxletMH8IZ7KkctH50JodABMAjR6jlvM8VHTsAk6VCv1kDe160QSJlAs=','관리자'),(43,9,8,'2019-10-10',NULL,'N',1000,1000,0,3,'아이엠아이','E/dV8lupKEpQy9O90O/PgI2OSNA5nsotVjp2CMixol0UlPGbSdwOxletMH8IZ7KkctH50JodABMAjR6jlvM8VNczEjmLRMv5AF4DeDqPo/KtcYaN2pHThz6RZ9i43LXl','관리자'),(44,5,5,'2019-10-10',NULL,'N',100000,0,100000,6,'신한은행','PHi3qJPR8PehixDGw3xDFw==','옥현준'),(45,5,5,'2019-10-10',NULL,'N',100000,0,100000,6,'신한은행','PHi3qJPR8PehixDGw3xDFw==','옥현준'),(46,5,5,'2019-10-10',NULL,'N',100000,50000,50000,3,'신한은행','PHi3qJPR8PehixDGw3xDFw==','옥현준'),(47,5,5,'2019-10-10',NULL,'N',100000,0,100000,6,'신한은행','PHi3qJPR8PehixDGw3xDFw==','옥현준'),(48,5,5,'2019-10-10',NULL,'N',100000,100000,0,3,'신한은행','PHi3qJPR8PehixDGw3xDFw==','옥현준'),(49,5,5,'2019-10-10',NULL,'N',100000,0,100000,6,'신한은행','PHi3qJPR8PehixDGw3xDFw==','옥현준'),(50,5,5,'2019-10-10',NULL,'N',100000,100000,0,3,'신한은행','PHi3qJPR8PehixDGw3xDFw==','옥현준'),(51,8,5,'2019-10-10',NULL,'N',100000,0,100000,6,'우리은행','+LQNJhL7ceMSCQqoaIIqSw==','김도민'),(52,8,5,'2019-10-10',NULL,'N',100000,0,100000,6,'우리은행','+LQNJhL7ceMSCQqoaIIqSw==','김도민'),(53,8,5,'2019-10-10',NULL,'N',100000,0,100000,6,'우리은행','+LQNJhL7ceMSCQqoaIIqSw==','김도민'),(54,8,5,'2019-10-10',NULL,'N',100000,0,100000,6,'우리은행','+LQNJhL7ceMSCQqoaIIqSw==','김도민'),(55,8,5,'2019-10-10',NULL,'N',100000,0,100000,6,'우리은행','+LQNJhL7ceMSCQqoaIIqSw==','김도민'),(56,8,5,'2019-10-10',NULL,'N',100000,50000,50000,3,'우리은행','+LQNJhL7ceMSCQqoaIIqSw==','김도민'),(57,8,5,'2019-10-10',NULL,'N',100000,100000,0,3,'우리은행','+LQNJhL7ceMSCQqoaIIqSw==','김도민'),(58,8,5,'2019-10-10',NULL,'N',100000,0,100000,6,'우리은행','+LQNJhL7ceMSCQqoaIIqSw==','김도민'),(59,3,7,'2019-10-10',NULL,'N',95000,0,95000,6,'아이엠아이','E/dV8lupKEpQy9O90O/PgI2OSNA5nsotVjp2CMixol1/30KPEkSU7Z8jxFFlQfd6fRsTqRFc1zp+ngDvsUL6zA==','관리자'),(60,8,8,'2019-10-10',NULL,'N',1000,1000,0,3,'아이엠아이','E/dV8lupKEpQy9O90O/PgI2OSNA5nsotVjp2CMixol1/30KPEkSU7Z8jxFFlQfd6OB9lqK7OgrbEWFHJKTeSvQ5pj4Gq69MnXn1jj0/sLAk=','관리자'),(61,5,7,'2019-10-10',NULL,'N',89000,89000,0,3,'아이엠아이','48ePHuWUsWsDCumioKGZAlEHC7dgGPRXqqX/js3o0+iuaFYehOVarBIQqJ/9jejP','관리자'),(62,8,8,'2019-10-10',NULL,'N',5000,5000,0,3,'아이엠아이','48ePHuWUsWsDCumioKGZAlEHC7dgGPRXqqX/js3o0+hBBOVC2sMCzVp2wyyV568UGV/lL5wX7ty7BEStSstlmQ==','관리자'),(63,9,7,'2019-10-10',NULL,'N',82000,0,82000,6,'아이엠아이','vE2mwFjCuU+w3za5NHIyiGWUqmmXVEXaJPMntBtq2FVvKGynDWapT1X5+5QTEDaDx8mOi6rx8YU+lRtt9OaQPw==','관리자'),(64,8,8,'2019-10-10',NULL,'N',8000,8000,0,3,'아이엠아이','vE2mwFjCuU+w3za5NHIyiGWUqmmXVEXaJPMntBtq2FVvKGynDWapT1X5+5QTEDaDN9iyrVQFhGzryYItcAbcIQ==','관리자'),(65,9,7,'2019-10-10',NULL,'N',90000,0,90000,6,'아이엠아이','dVoelaaT0uSGVexKOoWv8wMUdLciIMseuthiHjSsr3WpABIOEwaSebDqqdDzUb6ypobVOXSn3pgySRjNcXjuRGkF1LbWbuQvUD8NYtDYy0xF6ppic9pYk9p89mJGvTTKL5qwYHNYugtV2vxwk6CBkPkgRL21/RugydtZdooz5SQ=','관리자'),(66,8,8,'2019-10-10',NULL,'N',4000,4000,0,3,'아이엠아이','dVoelaaT0uSGVexKOoWv8wMUdLciIMseuthiHjSsr3WpABIOEwaSebDqqdDzUb6ypobVOXSn3pgySRjNcXjuRGkF1LbWbuQvUD8NYtDYy0xF6ppic9pYk9p89mJGvTTKL5qwYHNYugtV2vxwk6CBkI9qe1zFcZTPhV0OGicEzel4lH2XZbjGaRW/ZI1x6Jik','관리자'),(67,5,7,'2019-10-10',NULL,'N',82000,82000,0,3,'아이엠아이','vE2mwFjCuU+w3za5NHIyiPnDP6k+usONuDBNJwvT7xDGTWF/Ht8IHM5wbRh5rzNb','관리자'),(68,7,8,'2019-10-10',NULL,'N',8000,8000,0,3,'아이엠아이','vE2mwFjCuU+w3za5NHIyiPnDP6k+usONuDBNJwvT7xAsIYS7v5/W92vdyrktJfagXMmeOBBWyzJp3uh+Rgrbjw==','관리자'),(69,5,7,'2019-10-10',NULL,'N',82000,82000,0,3,'아이엠아이','vE2mwFjCuU+w3za5NHIyiE7/BL7Xla/kJxHTUwPzR6vjiwDK/8dVBPzBhhvHQvFt0fVUxasvWC19CJFksvDgow==','관리자'),(70,7,8,'2019-10-10',NULL,'N',8000,8000,0,3,'아이엠아이','vE2mwFjCuU+w3za5NHIyiE7/BL7Xla/kJxHTUwPzR6vjiwDK/8dVBPzBhhvHQvFtbSy5wMCWbP030AKpDpVUQ25AlTpZwfp/ypDGyIDHkAk=','관리자'),(71,9,7,'2019-10-10',NULL,'N',82000,0,82000,6,'아이엠아이','vE2mwFjCuU+w3za5NHIyiGWUqmmXVEXaJPMntBtq2FVvKGynDWapT1X5+5QTEDaDx8mOi6rx8YU+lRtt9OaQPw==','관리자'),(72,8,8,'2019-10-10',NULL,'N',8000,8000,0,3,'아이엠아이','vE2mwFjCuU+w3za5NHIyiGWUqmmXVEXaJPMntBtq2FVvKGynDWapT1X5+5QTEDaDN9iyrVQFhGzryYItcAbcIQ==','관리자'),(73,7,7,'2019-10-10',NULL,'N',82000,32000,50000,3,'아이엠아이','vE2mwFjCuU+w3za5NHIyiGWUqmmXVEXaJPMntBtq2FVHp7tf75vUmyrLNmVwDCJd/4RqGFgmUk/1IMjGpBjL0Xz39nrWJEqvso0cQks90HbzvPO9Agw9lpId4jMYFkod','관리자'),(74,9,8,'2019-10-10',NULL,'N',8000,8000,0,3,'아이엠아이','vE2mwFjCuU+w3za5NHIyiGWUqmmXVEXaJPMntBtq2FVHp7tf75vUmyrLNmVwDCJd/4RqGFgmUk/1IMjGpBjL0Xz39nrWJEqvso0cQks90HYf5sXSIxCASWj+bJFKgksIGi/3WuGYjN5PfHYIgi6HcA==','관리자'),(75,7,7,'2019-10-10',NULL,'N',95000,95000,0,3,'아이엠아이','E/dV8lupKEpQy9O90O/PgGU8nL0jpHOHUHqJMv9tJ+SVb4ME3G1IId6RCBRwueRx','관리자'),(76,9,8,'2019-10-10',NULL,'N',1000,1000,0,3,'아이엠아이','E/dV8lupKEpQy9O90O/PgGU8nL0jpHOHUHqJMv9tJ+RjZi6HZEplTkIjHqAOBEoLB5QgSNH/3SAeEXJbG63xdA==','관리자'),(77,6,7,'2019-10-10',NULL,'N',41000,41000,0,3,'아이엠아이','vE2mwFjCuU+w3za5NHIyiIbBO8HcFVpvoROM52s0OQeF1xnrb0yCV/iIJZZlFW+y','관리자'),(78,1,8,'2019-10-10',NULL,'N',4000,4000,0,3,'아이엠아이','vE2mwFjCuU+w3za5NHIyiIbBO8HcFVpvoROM52s0OQc+AY0HaGAioq17S8OuUBnhd4Eoz+aVDPaTZEWOn64B1Q==','관리자'),(79,8,7,'2019-10-10',NULL,'N',82000,82000,0,3,'아이엠아이','vE2mwFjCuU+w3za5NHIyiGWUqmmXVEXaJPMntBtq2FVHp7tf75vUmyrLNmVwDCJdt0hh8v6LZtjbffoAuf0FHw==','관리자'),(80,5,8,'2019-10-10',NULL,'N',8000,8000,0,3,'아이엠아이','vE2mwFjCuU+w3za5NHIyiGWUqmmXVEXaJPMntBtq2FVHp7tf75vUmyrLNmVwDCJd0ljO/wIkwYjChQwhFGCkVA==','관리자'),(81,6,7,'2019-10-10',NULL,'N',41000,41000,0,3,'아이엠아이','vE2mwFjCuU+w3za5NHIyiO73OSYLT6kTqgxSWUIHAbWppj5sCFbHUhnfj2aJ7Vj/','관리자'),(82,2,8,'2019-10-10',NULL,'N',4000,4000,0,3,'아이엠아이','vE2mwFjCuU+w3za5NHIyiO73OSYLT6kTqgxSWUIHAbX1mv2LYciqB0URcoq7/xGgekWU/8urXwS6yLwPuT8dVQ==','관리자'),(83,1,7,'2019-10-10',NULL,'N',82000,5000,77000,3,'아이엠아이','vE2mwFjCuU+w3za5NHIyiOdKdlM14D63FSDctHQLF81JGZ5eTzF8Jyat0XrVm/xz','관리자'),(84,3,8,'2019-10-10',NULL,'N',8000,8000,0,3,'아이엠아이','vE2mwFjCuU+w3za5NHIyiOdKdlM14D63FSDctHQLF83VhAIaxmWn2xkEEePMDMIZETyKXB2PJkydQWaQ6+SQ7Q==','관리자'),(85,8,7,'2019-10-10',NULL,'N',82000,82000,0,3,'아이엠아이','vE2mwFjCuU+w3za5NHIyiOdKdlM14D63FSDctHQLF80rnjQsAnc+NscOdbiRmo8wQnKa84HBcnd/7EuA2VX2PasdAHkIw2QsjNf6c2Cl6Ss=','관리자'),(86,9,8,'2019-10-10',NULL,'N',8000,8000,0,3,'아이엠아이','vE2mwFjCuU+w3za5NHIyiOdKdlM14D63FSDctHQLF80rnjQsAnc+NscOdbiRmo8wQnKa84HBcnd/7EuA2VX2PQUSJuQA0xj81Wmm5cKqtl2B+MCOiLIq2wReVj/UUAFq','관리자'),(87,8,7,'2019-10-10',NULL,'N',95000,95000,0,3,'아이엠아이','E/dV8lupKEpQy9O90O/PgETQh22eFR935U6nJ847ohnc5Ar7fP+H4vglPw182V7S1+O40oTyjChGqOXpjQKAB5lXOVb/yOl1Lf10er1EEVn4eb4ZGEO2PU35BTjHNsG2E4dTyNy0re7/eTDkniARXg==','관리자'),(88,5,8,'2019-10-10',NULL,'N',1000,1000,0,3,'아이엠아이','E/dV8lupKEpQy9O90O/PgETQh22eFR935U6nJ847ohnc5Ar7fP+H4vglPw182V7S1+O40oTyjChGqOXpjQKAB5lXOVb/yOl1Lf10er1EEVn4eb4ZGEO2PU35BTjHNsG2NZPJB6yotetqe+RhjwQybWlQMygSwtFz4chDUlxXxaI=','관리자'),(89,1,7,'2019-10-10',NULL,'N',44500,44500,0,3,'아이엠아이','48ePHuWUsWsDCumioKGZAstu9XGlQ9HZkT91sHo3SaRuNa8YzRTs+JtLt2Hw7huP','관리자'),(90,3,8,'2019-10-10',NULL,'N',2500,2500,0,3,'아이엠아이','48ePHuWUsWsDCumioKGZAstu9XGlQ9HZkT91sHo3SaQdqVyGPv9cV9keNPHrPMIl','관리자'),(91,1,5,'2019-10-10',NULL,'N',100000,0,100000,6,'신한은행','/lVYvXJNvG8t0t6D12x/Yw==','이태희'),(92,1,5,'2019-10-10',NULL,'N',100000,0,100000,6,'우체국','2s4G1GbF3mTqit11IUUsgw==','이태희'),(93,10,7,'2019-10-10',NULL,'N',82000,82000,0,3,'아이엠아이','48ePHuWUsWsDCumioKGZAuI15WJhLs216NLtLqAwVz2MU2tLcnHXgtzn/gQ2Bt+e','관리자'),(94,1,8,'2019-10-10',NULL,'N',8000,8000,0,3,'아이엠아이','48ePHuWUsWsDCumioKGZAuI15WJhLs216NLtLqAwVz1k3Lx/Kt1++WjwXc/enx8YLFPZA6fTjTWMs7ItEOaagQ==','관리자'),(107,10,7,'2019-10-10',NULL,'N',95000,45000,50000,3,'아이엠아이','E/dV8lupKEpQy9O90O/PgJVWhKHWnRvzKJXPrgUkZRFFyxUsu+I4oAVUnOhBXprH','관리자'),(108,5,8,'2019-10-10',NULL,'N',1000,1000,0,3,'아이엠아이','E/dV8lupKEpQy9O90O/PgJVWhKHWnRvzKJXPrgUkZRGqu7P/kPKLoOEwH+iAHTYupzEePxrIn7TABZ6nRQaynw==','관리자'),(112,3,7,'2019-10-10',NULL,'N',100000,0,100000,6,'아이엠아이','dVoelaaT0uSGVexKOoWv84hB6DkBg0d8X//3qTs0549H+E3dd5uiCfqz5NlO4qpD','관리자'),(113,3,7,'2019-10-10',NULL,'N',100000,0,100000,6,'아이엠아이','dVoelaaT0uSGVexKOoWv84hB6DkBg0d8X//3qTs0549H+E3dd5uiCfqz5NlO4qpD','관리자'),(114,3,7,'2019-10-10',NULL,'N',100000,0,100000,6,'아이엠아이','dVoelaaT0uSGVexKOoWv84hB6DkBg0d8X//3qTs0549H+E3dd5uiCfqz5NlO4qpD','관리자'),(115,3,7,'2019-10-10',NULL,'N',100000,0,100000,6,'아이엠아이','dVoelaaT0uSGVexKOoWv84hB6DkBg0d8X//3qTs0549H+E3dd5uiCfqz5NlO4qpD','관리자'),(116,3,7,'2019-10-10',NULL,'N',100000,0,100000,6,'아이엠아이','dVoelaaT0uSGVexKOoWv84hB6DkBg0d8X//3qTs0549H+E3dd5uiCfqz5NlO4qpD','관리자'),(117,3,7,'2019-10-10',NULL,'N',47500,19500,28000,3,'아이엠아이','QZvfM8JLA/dwv6k66qo2NdVtdFoa2v9ogXjk/fqaBdAZhPxvqGURQC0r+rSt1gmstbs2YCzU3YJRxP29VtriGJ3lqGhfeBiOK9K5E8CF5gQ=','관리자'),(118,10,8,'2019-10-10',NULL,'N',500,500,0,3,'아이엠아이','QZvfM8JLA/dwv6k66qo2NdVtdFoa2v9ogXjk/fqaBdAZhPxvqGURQC0r+rSt1gmstbs2YCzU3YJRxP29VtriGLZmqknPhkPg/LsrvnZ8Vr5jV+0NLqFEHx2nfd97+T3k','관리자'),(119,10,7,'2019-10-10',NULL,'N',44500,44500,0,3,'아이엠아이','48ePHuWUsWsDCumioKGZAstu9XGlQ9HZkT91sHo3SaS3o66NaiboaA6e1WY0EBl2dDnygCDReitCuwfopC4bCG6zAApTXNHRu1ogPqApvm0=','관리자'),(120,2,8,'2019-10-10',NULL,'N',2500,2500,0,3,'아이엠아이','48ePHuWUsWsDCumioKGZAstu9XGlQ9HZkT91sHo3SaS3o66NaiboaA6e1WY0EBl2dDnygCDReitCuwfopC4bCM+NZsCEAWMGFRF11Aky7eYg3zvJq7uu2sQPCPJ/FXZa','관리자'),(121,3,7,'2019-10-10',NULL,'N',82000,0,82000,6,'아이엠아이','vE2mwFjCuU+w3za5NHIyiE7/BL7Xla/kJxHTUwPzR6su/Dn7diqNp8TMVcb481YrpRTJqnWnAtxBkQNo2H+7pg==','관리자'),(122,10,8,'2019-10-10',NULL,'N',8000,8000,0,3,'아이엠아이','vE2mwFjCuU+w3za5NHIyiE7/BL7Xla/kJxHTUwPzR6su/Dn7diqNp8TMVcb481Yr5BqUjDhBMnxAmVOiaAK1MQ==','관리자'),(123,3,7,'2019-10-10',NULL,'N',82000,82000,0,3,'아이엠아이','vE2mwFjCuU+w3za5NHIyiE7/BL7Xla/kJxHTUwPzR6vW+OvZSUImEoWM7JANSbrmS2S4GSRc/ILCtn65qBx95A==','관리자'),(124,10,8,'2019-10-10',NULL,'N',8000,8000,0,3,'아이엠아이','vE2mwFjCuU+w3za5NHIyiE7/BL7Xla/kJxHTUwPzR6vW+OvZSUImEoWM7JANSbrmyOWK3qG/y457Paq9BhYQDw==','관리자'),(125,10,7,'2019-10-10',NULL,'N',82000,82000,0,3,'아이엠아이','vE2mwFjCuU+w3za5NHIyiE7/BL7Xla/kJxHTUwPzR6uV1uH8It+t8xlEPWPYcCxWAfkhjMr1m3sx8dakEbe9lQ==','관리자'),(126,3,8,'2019-10-10',NULL,'N',8000,8000,0,3,'아이엠아이','vE2mwFjCuU+w3za5NHIyiE7/BL7Xla/kJxHTUwPzR6uV1uH8It+t8xlEPWPYcCxWnCqvjgeR7isW5+90njERgA==','관리자'),(127,10,7,'2019-10-10',NULL,'N',82000,82000,0,3,'아이엠아이','vE2mwFjCuU+w3za5NHIyiE7/BL7Xla/kJxHTUwPzR6uksW+cXL9onAtuhDBbRd1YYq92LoC9OR8xOuC5AakLrQ==','관리자'),(128,3,8,'2019-10-10',NULL,'N',8000,8000,0,3,'아이엠아이','vE2mwFjCuU+w3za5NHIyiE7/BL7Xla/kJxHTUwPzR6uksW+cXL9onAtuhDBbRd1Y3eMHb1dG9sZqAxaF8f75SA==','관리자'),(129,2,7,'2019-10-10',NULL,'N',82000,600,81400,3,'아이엠아이','vE2mwFjCuU+w3za5NHIyiE7/BL7Xla/kJxHTUwPzR6vUbZBtDZZKSzK2S6IqVRzQ64deblF5IZxaSNMqoIO6pQ==','관리자'),(130,3,8,'2019-10-10',NULL,'N',8000,8000,0,3,'아이엠아이','vE2mwFjCuU+w3za5NHIyiE7/BL7Xla/kJxHTUwPzR6vUbZBtDZZKSzK2S6IqVRzQ/WwHYKc7fLTPXIWeDFiMLA==','관리자'),(131,7,7,'2019-10-10',NULL,'N',82000,82000,0,3,'아이엠아이','vE2mwFjCuU+w3za5NHIyiE7/BL7Xla/kJxHTUwPzR6tIjHPArXqTEjVC3Q13OSNJ7DNxSzpq8zxD/fc0M09PUA==','관리자'),(132,3,8,'2019-10-10',NULL,'N',8000,8000,0,3,'아이엠아이','vE2mwFjCuU+w3za5NHIyiE7/BL7Xla/kJxHTUwPzR6tIjHPArXqTEjVC3Q13OSNJU0yobODlFoTtk8gcvusnUg==','관리자'),(133,3,7,'2019-10-11',NULL,'N',100000,100000,0,3,'아이엠아이','vE2mwFjCuU+w3za5NHIyiE7/BL7Xla/kJxHTUwPzR6sRrLNR063/SW6+TUbojV2/AzH9zNtQWz55sGowLIjDKAKsqhQlpcv7qfvF8YVhMHgZwUQOUh2t19bTmAOdjy2e','관리자'),(134,6,7,'2019-10-11',NULL,'N',82000,82000,0,3,'아이엠아이','vE2mwFjCuU+w3za5NHIyiE7/BL7Xla/kJxHTUwPzR6sRrLNR063/SW6+TUbojV2/FX5KT53GYNEeXZKQwQtHdsT1vzBxlILew52Md58Q+cXh4GisJGWMkIsUVc+DER85','관리자'),(135,3,8,'2019-10-11',NULL,'N',8000,8000,0,3,'아이엠아이','vE2mwFjCuU+w3za5NHIyiE7/BL7Xla/kJxHTUwPzR6sRrLNR063/SW6+TUbojV2/FX5KT53GYNEeXZKQwQtHdsT1vzBxlILew52Md58Q+cXjEfFzC5H46ZT7ge7oOXf9NEl+XzIjJjwEsJKTpJhbQQ==','관리자'),(136,6,7,'2019-10-11',NULL,'N',100000,100000,0,3,'아이엠아이','vE2mwFjCuU+w3za5NHIyiGWUqmmXVEXaJPMntBtq2FVHp7tf75vUmyrLNmVwDCJdCYec+/oBl1aHr25P7O7f3WQ+JCFmnMe0AsEZuG/ZF9s=','관리자'),(137,9,8,'2019-10-11',NULL,'N',8000,8000,0,3,'아이엠아이','vE2mwFjCuU+w3za5NHIyiGWUqmmXVEXaJPMntBtq2FVHp7tf75vUmyrLNmVwDCJdCYec+/oBl1aHr25P7O7f3fO2TqY2DO5UJFKRCpWomoy2II62uAu4aAGxRUQinwfS','관리자'),(148,9,7,'2019-10-11',NULL,'N',82000,36000,46000,3,'아이엠아이','vE2mwFjCuU+w3za5NHIyiE7/BL7Xla/kJxHTUwPzR6sEOwYR3EqW4X5oSW8CZwj1iC38li7DWNI1CNA2XYQMyjBiT2Xaz/kt7NleUmlGNb8Z3MyOwAMknPvScG2Wlcgl','관리자'),(149,9,7,'2019-10-11',NULL,'N',100000,0,100000,6,'아이엠아이','vE2mwFjCuU+w3za5NHIyiE7/BL7Xla/kJxHTUwPzR6tOz2ZfyrFaS1cd6A3WkR6xPfAqNBZD91F1xrSh1LbmefNcRJLSNE3ruhi+LBSo9V/AtdEwi/8JVBpDmwoyJAai','관리자'),(150,1,5,'2019-10-11',NULL,'N',10000,0,10000,6,'기업은행','TSPzRw/Fn86mYg86NqTLEA==','이태희'),(151,1,1,'2019-10-11','2020-03-11','N',10000,0,10000,6,'삼성','YlcBMOIFaJSCbpT254BcznBDYukoPES3OYSIx/uKuRc=','이태희'),(152,1,2,'2019-10-11','2020-02-11','N',10000,0,10000,6,'KT','fTyhzNgh165I1AetK2y0cg==','이태희'),(153,1,3,'2019-10-11','2019-12-11','N',10000,0,10000,6,'문화상품권','9xKshZAZVI9zv43MuQj2mDNSiUsLM4j1RIsyJal2wLc=','이태희'),(154,1,5,'2019-10-13',NULL,'N',100000,76000,24000,3,'기업은행','TSPzRw/Fn86mYg86NqTLEA==','이태희'),(155,1,2,'2019-10-14','2020-02-14','N',100000,0,100000,6,'KT','fTyhzNgh165I1AetK2y0cg==','이태희'),(157,2,7,'2019-10-14',NULL,'N',41000,41000,0,3,'아이엠아이','vE2mwFjCuU+w3za5NHIyiIbBO8HcFVpvoROM52s0OQfSht8jdON6aS47lupSRKxfl3v9pgjrY/EqiRlezyKmbA==','관리자'),(180,1,7,'2019-10-14',NULL,'N',8900,8900,0,3,'아이엠아이','JYTMPW3pIc/1OIr2pqzcO2IzTnPyy5rYSoFWK5leuXM=','관리자'),(181,2,8,'2019-10-14',NULL,'N',500,500,0,3,'아이엠아이','JYTMPW3pIc/1OIr2pqzcO9IuhMhYayzPE6zhQrhpRtY4xVq/YHPyxAo1hYoNQRKv','관리자'),(182,1,7,'2019-10-14',NULL,'N',41000,41000,0,3,'아이엠아이','vE2mwFjCuU+w3za5NHIyiIbBO8HcFVpvoROM52s0OQfxxFaFn7rnZvu6VoQgV2YY34Oneo97tR9nYARHS+26sJ5pwiyCzWpHRZgXw3bAnjp07kVO+ls48nWleZq+UwRU','관리자'),(183,2,7,'2019-10-14',NULL,'N',41000,41000,0,3,'아이엠아이','vE2mwFjCuU+w3za5NHIyiIbBO8HcFVpvoROM52s0OQfhzSKRgh4JNnUI1dnmSSx5Q11ov9csd9ylcIpifMwnW+gxK5ODtELs1i+/QQ28tJE=','관리자'),(184,1,8,'2019-10-14',NULL,'N',4000,4000,0,3,'아이엠아이','vE2mwFjCuU+w3za5NHIyiIbBO8HcFVpvoROM52s0OQfhzSKRgh4JNnUI1dnmSSx5Q11ov9csd9ylcIpifMwnW5s9E+DgUQDhedjC+81slEZcQxARaXeqHkD0JCJ99g5Z','관리자'),(185,8,7,'2019-10-14',NULL,'N',50000,50000,0,3,'아이엠아이','vE2mwFjCuU+w3za5NHIyiHIZCrMvnCsrWozXN0dyyb0BuikXQdr9ER2pmsPaViL9GHcUBEzQsDHHvWEguI5qDjo+nUa9o7lnESCJb6/Cy08=','관리자'),(186,3,5,'2019-10-14',NULL,'N',100000,0,100000,6,'부산은행','/Rd6db6Hr95gpwWSj1tqZA==','김진휘'),(187,3,1,'2019-10-14','2020-03-14','N',100000,0,100000,6,'현대','hI+XSy6WDEQhNb/7NB7eTPoi8wHQj4kcMBgpi/7fU2c=','김진휘'),(188,3,2,'2019-10-14','2020-02-14','N',100000,0,100000,6,'KT','wVNwOrbZD3QosfTPad98NA==','김진휘'),(189,3,3,'2019-10-14','2019-12-14','N',100000,0,100000,6,'문화상품권','rOYclJtZacq02jt5e3qVXRbm+bwx4t19iiGXerodTBw=','김진휘'),(190,3,5,'2019-10-14',NULL,'N',100000,30000,70000,3,'부산은행','/Rd6db6Hr95gpwWSj1tqZA==','김진휘'),(191,6,7,'2019-10-14',NULL,'N',82000,82000,0,3,'아이엠아이','vE2mwFjCuU+w3za5NHIyiE7/BL7Xla/kJxHTUwPzR6sn2DQy2ZEqJWUe/2WWDGpC0w1tCm+8mpT9rQMvO9PV5Q==','관리자'),(192,3,8,'2019-10-14',NULL,'N',8000,8000,0,3,'아이엠아이','vE2mwFjCuU+w3za5NHIyiE7/BL7Xla/kJxHTUwPzR6sn2DQy2ZEqJWUe/2WWDGpCMpvRrjrOaO+7Vq4A3xnC2wqowUfqTZMdwwPhPdUB5EQ=','관리자'),(193,2,7,'2019-10-14',NULL,'N',82000,82000,0,3,'아이엠아이','vE2mwFjCuU+w3za5NHIyiE7/BL7Xla/kJxHTUwPzR6tvYutaJ6r0MkdVh0yhASu+YqbqIjAtEAYMeslP7Uddug==','관리자'),(194,3,8,'2019-10-14',NULL,'N',8000,8000,0,3,'아이엠아이','vE2mwFjCuU+w3za5NHIyiE7/BL7Xla/kJxHTUwPzR6tvYutaJ6r0MkdVh0yhASu+nbUejQbwv6GEFU+Dkq0ALEHu4bN+wdB0wga8W5DigXg=','관리자'),(195,9,7,'2019-10-14',NULL,'N',100000,100000,0,3,'아이엠아이','vE2mwFjCuU+w3za5NHIyiI2MHC5zeChPC7LYOCrKiPJj07pc4Jd+dmxCpcGcw9ztGBjHvDzzrr5ntyz4wr+keQ==','관리자'),(196,9,5,'2019-10-14',NULL,'N',100000,50000,50000,3,'카카오뱅크','h75/68sQ4Ksfp3orpBoeYg==','문수인'),(197,9,5,'2019-10-14',NULL,'N',100000,100000,0,3,'카카오뱅크','h75/68sQ4Ksfp3orpBoeYg==','문수인'),(198,9,5,'2019-10-14',NULL,'N',100000,50000,50000,3,'카카오뱅크','h75/68sQ4Ksfp3orpBoeYg==','문수인'),(199,9,5,'2019-10-14',NULL,'N',100000,100000,0,3,'카카오뱅크','h75/68sQ4Ksfp3orpBoeYg==','문수인'),(200,9,5,'2019-10-14',NULL,'N',100000,0,100000,6,'카카오뱅크','h75/68sQ4Ksfp3orpBoeYg==','문수인'),(201,9,5,'2019-10-14',NULL,'N',100000,100000,0,3,'우체국','eVAiasDtjOrGvn0V9F01EQ==','문수인'),(202,9,5,'2019-10-14',NULL,'N',100000,100000,0,3,'카카오뱅크','h75/68sQ4Ksfp3orpBoeYg==','문수인'),(203,9,5,'2019-10-14',NULL,'N',100000,100000,0,3,'카카오뱅크','h75/68sQ4Ksfp3orpBoeYg==','문수인'),(204,9,5,'2019-10-14',NULL,'N',100000,0,100000,6,'카카오뱅크','h75/68sQ4Ksfp3orpBoeYg==','문수인'),(205,9,5,'2019-10-14',NULL,'N',50000,50000,0,3,'카카오뱅크','h75/68sQ4Ksfp3orpBoeYg==','문수인'),(206,8,7,'2019-10-14',NULL,'N',82000,82000,0,3,'아이엠아이','vE2mwFjCuU+w3za5NHIyiFqXEAVthgyKrU0/TswIBAKqcMKJf5UQ6Cx24dyQk5xMEKGVhuAQ9+OO9WiqaP5Wi004hCOFo5/V3ZhXcev4gnI=','관리자'),(207,8,7,'2019-10-14',NULL,'N',82000,82000,0,3,'아이엠아이','vE2mwFjCuU+w3za5NHIyiI2MHC5zeChPC7LYOCrKiPJj07pc4Jd+dmxCpcGcw9zt0sCGv0ZFGbVtrb4MQ/O3jA==','관리자'),(208,8,7,'2019-10-14',NULL,'N',82000,82000,0,3,'아이엠아이','vE2mwFjCuU+w3za5NHIyiI2MHC5zeChPC7LYOCrKiPJKgytkBsbtr4ozYKPvxwsG4Aza6MzY1D9iFzVLBwweKw==','관리자'),(209,8,7,'2019-10-14',NULL,'N',82000,82000,0,3,'아이엠아이','vE2mwFjCuU+w3za5NHIyiI2MHC5zeChPC7LYOCrKiPKP1BUYo37hokAayXaZM7Y5IAF995IICr8455QbMVcxyQ==','관리자'),(210,2,7,'2019-10-14',NULL,'N',82000,82000,0,3,'아이엠아이','vE2mwFjCuU+w3za5NHIyiI2MHC5zeChPC7LYOCrKiPJKgytkBsbtr4ozYKPvxwsGqdNbmvq37c+9QeE3RH6RCg==','관리자'),(211,1,7,'2019-10-14',NULL,'N',82000,82000,0,3,'아이엠아이','vE2mwFjCuU+w3za5NHIyiPnDP6k+usONuDBNJwvT7xCFFOELQQhpgJFeEbiRe+V+2ztiMWM1lZWhzgTSl6TxE9NupqTYn5rT1W6LjKZmSF4xZ7r6vR2C0dO0uFUkFD7GMLStt8anKgoUM30PBxWOCrLLYD3hGDf45sVIiYeP+dI=','관리자'),(212,10,7,'2019-10-14',NULL,'N',95000,95000,0,3,'아이엠아이','SuA4evq2nkJEV4A+UP5QmxlDqcGJn3EdwkotdARQdIDNCkUO+Ml/7z65LrVy+IRP7ZGJB049vyko56pk+Mp7agWI1vAXx7hSAgDBmMKJXNU=','관리자'),(213,10,7,'2019-10-15',NULL,'N',100000,100000,0,3,'아이엠아이','E/dV8lupKEpQy9O90O/PgI2OSNA5nsotVjp2CMixol0Cyceqgqd29n+GS9hvYPvnxEyWwCrsNOAXLRlM4yAdpxuVsyEyfpw7Giw1Vgf1i1A=','관리자'),(214,10,7,'2019-10-15',NULL,'N',82000,82000,0,3,'아이엠아이','vE2mwFjCuU+w3za5NHIyiFqXEAVthgyKrU0/TswIBAK9B03V3ynr9tCB6Bp02P5gL7j/B407cDshiMdQHQzco9LDssF/jeS7/vW5kwbUqA8=','관리자'),(215,5,7,'2019-10-15',NULL,'N',82000,82000,0,3,'아이엠아이','vE2mwFjCuU+w3za5NHIyiE7/BL7Xla/kJxHTUwPzR6tdrBfZQkAuWWqftr4W7SXNaQEJOdDwoczh50npiBXhGMfGwbL3W7bpjCp1r4428Ws=','관리자'),(216,9,7,'2019-10-15',NULL,'N',95000,95000,0,3,'아이엠아이','E/dV8lupKEpQy9O90O/PgI2OSNA5nsotVjp2CMixol0k7ClK44gFirlqyEa15CsJfy4Xcj/+kf2ebfBaTPaO3ZVsS9g+irJz04xcoWxrWSQ=','관리자'),(217,9,7,'2019-10-15',NULL,'N',82000,82000,0,3,'아이엠아이','vE2mwFjCuU+w3za5NHIyiGWUqmmXVEXaJPMntBtq2FVHp7tf75vUmyrLNmVwDCJduARnKOcV7iOWYfSr9x62/NJR6d7gsyfVYjUdLf2rVG0=','관리자'),(218,9,7,'2019-10-15',NULL,'N',82000,82000,0,3,'아이엠아이','vE2mwFjCuU+w3za5NHIyiDHvEAnXQqYV5MoUeB+0s9w0bvUY5frSkuJWRK7PQDHOOTSrdTarE83nm/fIIBPD3I+1pbXPNgDZYEKRD6s4HmnqzNtKwe586iKtaOuUo4bkV2vSzqTAGI69uMscPoTnSg==','관리자'),(219,9,7,'2019-10-15',NULL,'N',89000,89000,0,3,'아이엠아이','48ePHuWUsWsDCumioKGZApdeWsAJwZRLkXTVDuIkReE37PIjJLWYF+uXyyEvu5Fm9NTqYmr6ZIz3vCFNm3noRQ==','관리자'),(220,7,7,'2019-10-15',NULL,'N',82000,82000,0,3,'아이엠아이','vE2mwFjCuU+w3za5NHIyiE7/BL7Xla/kJxHTUwPzR6tGrAfInxHnzc1bMU1XWcjm+khglNayvd6TbslAdivlQwKwKCTsLebgAL8YwZhLTfstDXHv5Mmuzy2c6pbd34LAaSQ++a5KnoKgR90+pHsISw==','관리자'),(221,3,7,'2019-10-15',NULL,'N',47500,47500,0,3,'아이엠아이','E/dV8lupKEpQy9O90O/PgJOtZVJiY7VG52OEUXqTfbKedgYBxek0IOhyPOKeYi8wMMSX39l9R1yiwmdzmDrbOymQ7ngPOTQwwKztP/af1GZ3uoy4Ru92VaIHpeg0/qfchTbq602lWtYgOm/elg+IyA==','관리자'),(222,3,5,'2019-10-15',NULL,'N',1000,1000,0,3,'기업은행','ZBjAK4qbJ2jYcsD+lOBppA==','1000'),(223,3,5,'2019-10-15',NULL,'N',1000,1000,0,3,'기업은행','ZBjAK4qbJ2jYcsD+lOBppA==','이태희'),(224,1,5,'2019-10-15',NULL,'N',1000,1000,0,3,'기업은행','TSPzRw/Fn86mYg86NqTLEA==','이태희'),(225,1,5,'2019-10-15',NULL,'N',100000,100000,0,3,'기업은행','TSPzRw/Fn86mYg86NqTLEA==','이태희'),(226,1,2,'2019-10-15','2020-02-15','N',100000,0,100000,6,'KT','fTyhzNgh165I1AetK2y0cg==','이태희'),(227,1,5,'2019-10-15',NULL,'N',100000,100000,0,3,'기업은행','TSPzRw/Fn86mYg86NqTLEA==','이태희'),(228,3,7,'2019-10-15',NULL,'N',135000,135000,0,3,'아이엠아이','Fee1ysxbCvl2W6ncRQa+5hIqsK5Mv9EAFbZEiW4iajhFGpot2TjNGYglKS5nAoIcUaac8fAy29dVUxoTWEaS5FtcZD6+/jYfvLDZA80NCZY=','관리자'),(229,3,7,'2019-10-15',NULL,'N',89000,89000,0,3,'아이엠아이','ojl9s5EQicErp4+BaSW6VSi5p0beGCoYwZbJEJ1m+J5MHcho/pfe50YkFaK5P6N87OFml6tjsx2I9OKg65vteMLzw+6n8gZU4/FjFtq/Oqw=','관리자'),(230,3,7,'2019-10-15',NULL,'N',95000,95000,0,3,'아이엠아이','kT5qlm3PGD+LE3DiaN8zwf8ato/lWhc8oXtlBhBYYKLI7TCoY6hY+76rVoW9BdsBEyZgFZCDMcdKM2Hg7ZCfUmgbBBJ7FpHhO7FVZQkT4rTTTa/ZiAgkDc3O5APbYxYWclUluYCVgItA/tAQzGDV3g==','관리자'),(231,6,7,'2019-10-15',NULL,'N',44500,44500,0,3,'아이엠아이','48ePHuWUsWsDCumioKGZAu9vRmS3/2Rstjbzb4JoS23BjGFDYSIKOqCLVAfNc+Wr','관리자'),(232,6,7,'2019-10-15',NULL,'N',9500,9500,0,3,'아이엠아이','37CYX4XVfqALSQJjiTTzdNOuPnyPMcjphGgkGCk8C2uOwZGsE1o8CRb68a/FqsBoUi/7ljL/WKdVZ+wJ5fYQHq1hnRJkTKdAjCsj0DAAsNI=','관리자'),(233,5,7,'2019-10-16',NULL,'N',66500,66500,0,3,'아이엠아이','E/dV8lupKEpQy9O90O/PgJOtZVJiY7VG52OEUXqTfbI6D48ypyU7Q89C0uvC3rC/','관리자'),(234,7,5,'2019-10-16',NULL,'N',100000,100000,0,3,'부산은행','gxyIvIkH1XdQKDFxs3d9QA==','유진주'),(235,7,5,'2019-10-16',NULL,'N',100000,100000,0,3,'부산은행','gxyIvIkH1XdQKDFxs3d9QA==','유진주'),(236,7,5,'2019-10-16',NULL,'N',100000,100000,0,3,'부산은행','gxyIvIkH1XdQKDFxs3d9QA==','유진주'),(237,7,7,'2019-10-16',NULL,'N',47500,47500,0,3,'아이엠아이','E/dV8lupKEpQy9O90O/PgJOtZVJiY7VG52OEUXqTfbKlUdwa2rZrFBH8ZdDTacxBjjiRxy7QcRoSvNK7w9sDTw==','관리자'),(238,1,2,'2019-10-17','2020-02-17','N',50000,0,50000,6,'KT','fTyhzNgh165I1AetK2y0cg==','이태희'),(239,8,7,'2019-10-17',NULL,'N',82000,82000,0,3,'아이엠아이','vE2mwFjCuU+w3za5NHIyiFqXEAVthgyKrU0/TswIBAIFK0XuUWBNoGMRZgezHZUmRNbZp03qKbKUpLg5y1BrT94S5yk13F+djmQ10K4oad7AHh6xhe00jQ4I/1nfJ/3GfpRC7HeY6upG5eZha/EbMA==','관리자'),(240,8,7,'2019-10-17',NULL,'N',90000,90000,0,3,'아이엠아이','Fee1ysxbCvl2W6ncRQa+5nj7VL+9klJDePN7CRenkFxm6l9YJXYJiCGALGrsVY8S','관리자'),(241,1,5,'2019-10-17',NULL,'N',100000,100000,0,3,'카카오뱅크','d3YIPZPy6nj/e50gfXn6Qw==','이태희'),(242,2,7,'2019-10-17',NULL,'N',9500,9500,0,3,'아이엠아이','37CYX4XVfqALSQJjiTTzdNOuPnyPMcjphGgkGCk8C2uOwZGsE1o8CRb68a/FqsBoUi/7ljL/WKdVZ+wJ5fYQHq1hnRJkTKdAjCsj0DAAsNI=','관리자'),(243,2,7,'2019-10-17',NULL,'N',95000,95000,0,3,'아이엠아이','VEI9vSeGm/kZ8TAP/SKF0q3QVmdk7jssF6kzdqLQMc79IFtmkQO9JuIHLlM++UMJM/RPDKHI3C5+CGKGFlNSWmja7WrcPp+M1QAbocyn7JQ=','관리자');
/*!40000 ALTER TABLE `th_mileage_charge` ENABLE KEYS */;
UNLOCK TABLES;

--
-- Table structure for table `th_mileage_code`
--

DROP TABLE IF EXISTS `th_mileage_code`;
/*!40101 SET @saved_cs_client     = @@character_set_client */;
/*!40101 SET character_set_client = utf8 */;
CREATE TABLE `th_mileage_code` (
  `mileage_code` int(11) unsigned NOT NULL AUTO_INCREMENT COMMENT 'th_mileage_change_code PK',
  `mileage_name` varchar(20) NOT NULL COMMENT '마일리지 명칭',
  PRIMARY KEY (`mileage_code`),
  UNIQUE KEY `mileage_name` (`mileage_name`)
) ENGINE=InnoDB AUTO_INCREMENT=7 DEFAULT CHARSET=utf8 COMMENT='마일리지 코드';
/*!40101 SET character_set_client = @saved_cs_client */;

--
-- Dumping data for table `th_mileage_code`
--

LOCK TABLES `th_mileage_code` WRITE;
/*!40000 ALTER TABLE `th_mileage_code` DISABLE KEYS */;
INSERT INTO `th_mileage_code` VALUES (6,'사용완료'),(4,'유효기간 초과'),(2,'출금'),(3,'충전'),(1,'충전취소'),(5,'환불');
/*!40000 ALTER TABLE `th_mileage_code` ENABLE KEYS */;
UNLOCK TABLES;

--
-- Table structure for table `th_mileage_type_sum`
--

DROP TABLE IF EXISTS `th_mileage_type_sum`;
/*!40101 SET @saved_cs_client     = @@character_set_client */;
/*!40101 SET character_set_client = utf8 */;
CREATE TABLE `th_mileage_type_sum` (
  `idx` int(11) unsigned NOT NULL AUTO_INCREMENT COMMENT 'th_mileage_type_sum.PK',
  `member_idx` int(11) unsigned NOT NULL COMMENT 'th_members.idx FK',
  `virtual_account_sum` int(11) DEFAULT '0' COMMENT '가상계좌 합계',
  `culcture_voucher_sum` int(11) DEFAULT '0' COMMENT '문화상품권 합계',
  `phone_sum` int(11) DEFAULT '0' COMMENT '휴대전화 합계',
  `card_sum` int(11) DEFAULT '0' COMMENT '신용카드 합계',
  `dealings_sum` int(11) DEFAULT '0' COMMENT '거래합계',
  `event_sum` int(11) DEFAULT '0' COMMENT '이벤트 합계',
  PRIMARY KEY (`idx`),
  UNIQUE KEY `member_idx` (`member_idx`)
) ENGINE=InnoDB AUTO_INCREMENT=11 DEFAULT CHARSET=utf8 COMMENT='회원 마일리지별 합계';
/*!40101 SET character_set_client = @saved_cs_client */;

--
-- Dumping data for table `th_mileage_type_sum`
--

LOCK TABLES `th_mileage_type_sum` WRITE;
/*!40000 ALTER TABLE `th_mileage_type_sum` DISABLE KEYS */;
INSERT INTO `th_mileage_type_sum` VALUES (1,1,377000,0,0,0,181400,20360),(2,2,0,0,0,0,351100,7000),(3,6,240000,0,0,0,400000,500),(4,7,300000,0,0,0,338500,32000),(5,3,32000,0,0,0,600000,66500),(6,9,650000,0,0,0,484000,34000),(7,5,250000,0,0,0,401500,10000),(8,8,150000,0,0,0,809000,26000),(9,10,0,0,0,0,612500,16500);
/*!40000 ALTER TABLE `th_mileage_type_sum` ENABLE KEYS */;
UNLOCK TABLES;

--
-- Table structure for table `th_sell_item`
--

DROP TABLE IF EXISTS `th_sell_item`;
/*!40101 SET @saved_cs_client     = @@character_set_client */;
/*!40101 SET character_set_client = utf8 */;
CREATE TABLE `th_sell_item` (
  `idx` int(11) unsigned NOT NULL AUTO_INCREMENT COMMENT 'th_sell_item.PK',
  `item_name` varchar(30) NOT NULL COMMENT '판매물품명',
  `is_sell` char(11) NOT NULL DEFAULT 'Y' COMMENT '판매여부(기본값은 판매함 Y)',
  `commission` tinyint(3) NOT NULL COMMENT '수수료',
  `payback` tinyint(3) NOT NULL COMMENT '페이백',
  PRIMARY KEY (`idx`),
  KEY `item_name` (`item_name`)
) ENGINE=InnoDB AUTO_INCREMENT=6 DEFAULT CHARSET=utf8 COMMENT='판매물품 정보테이블';
/*!40101 SET character_set_client = @saved_cs_client */;

--
-- Dumping data for table `th_sell_item`
--

LOCK TABLES `th_sell_item` WRITE;
/*!40000 ALTER TABLE `th_sell_item` DISABLE KEYS */;
INSERT INTO `th_sell_item` VALUES (1,'해피머니상품권','Y',5,1),(2,'도서문화상품권','Y',10,4),(3,'문화상품권','Y',11,5),(4,'스마트문화상품권','Y',18,8),(5,'모든상품권','N',0,0);
/*!40000 ALTER TABLE `th_sell_item` ENABLE KEYS */;
UNLOCK TABLES;
/*!40103 SET TIME_ZONE=@OLD_TIME_ZONE */;

/*!40101 SET SQL_MODE=@OLD_SQL_MODE */;
/*!40014 SET FOREIGN_KEY_CHECKS=@OLD_FOREIGN_KEY_CHECKS */;
/*!40014 SET UNIQUE_CHECKS=@OLD_UNIQUE_CHECKS */;
/*!40101 SET CHARACTER_SET_CLIENT=@OLD_CHARACTER_SET_CLIENT */;
/*!40101 SET CHARACTER_SET_RESULTS=@OLD_CHARACTER_SET_RESULTS */;
/*!40101 SET COLLATION_CONNECTION=@OLD_COLLATION_CONNECTION */;
/*!40111 SET SQL_NOTES=@OLD_SQL_NOTES */;

-- Dump completed on 2019-10-24 15:30:46
